MOTIF;REDUIT;MOTYPE;FAMILLE;PAIRUB;PRIORITE;ARCHIV;VALDFT;VALMIN;VALMAX;LIBELLE;LIBCOURT;COULEUR;VALID;FILTRE;TVALORIS;PLANIF;ANALYT;TYPMAT;SAISIEHR;COHERENC;INACTIF;GEDLEVEL;CTRLDM;FLAGETL;DUREEARRET;VISITEREP;CLICHE;PARTPLAG;PARTVAC;SYNOPTIC;DATCRE;UTILCRE;DATMOD;UTILMOD;DATUTI;IMILIBMOT;IMIMATRICS;IMICODPLAN;IMIMOTIF;IMISTATUT;IMIGPRISPE;IMIGPRIDIV;IMIGTTEFFE;IMIGTICKRE;IMIGHRSSUP;IMIGRCHSMA;IMIGDEBCRE;IMIGPRIEQJ;IMIGPRIEQN;IMIGHNUITT;IMIGRETETR;IMIGPANINU;IMIGPANIJR;IMIGCHEVAU;IMIINTOUTL;IMICONTCPS;IMIGHRPAYE;IMIGCREDNB;IMIGDURABS;IMIGTPAUS5;IMIACTI;IMIALIGA;IMIGPRIMH;IMIMINOCP;IMITTEFFFJ;IMIABTRTT
"ABSI";"A";"A";"AB";" ";"1";"1";-1000000000;0;1440;"Absence injustifiée";"Absence injustifiée";"B9B9FF   FFFFFF";"O";448;"HMAJ";"0";"0";" ";"1";"1";"0";"0";"1";"0";0;"0";"0";"0";"0";"1";04/12/2020;"PACKAGE";19/03/2025;"##########";15/05/2025;" ";" ";" ";" ";" ";"0";"0";"0";" ";"0";"0";"0";"0";"0";"0";"0";"0";"0";"1";" ";" ";"0";"0";" ";" ";" ";" ";" ";" ";" ";" "
"ABSJ";"A";"A";"DV";" ";"1";"0";-1000000000;0;1440;"Absence justifiée";"Absence justifiée";"B9B9FF   FFFFFF";"O";448;"HMAJ";"0";"0";" ";"1";"1";"0";"0";"1";"0";0;"0";"0";"0";"0";"1";04/12/2020;"PACKAGE";19/03/2025;"##########";31/05/2023;" ";" ";" ";" ";" ";"0";"0";"0";" ";"1";"1";"1";"0";"0";"0";"0";"0";"0";"1";" ";" ";"1";"0";" ";" ";" ";" ";" ";" ";" ";" "
"ACCT";"A";"A";"AC";" ";"3";"1";-1000000000;0;1440;"Accident de travail";"Accident de travail";"B9B9FF   FFFFFF";"OSDF";448;"HMAJ";"0";"0";"AT";"1";"1";"0";"0";"1";"0";30;"1";"0";"0";"0";"1";04/12/2020;"PACKAGE";19/03/2025;"##########";01/01/1900;" ";" ";" ";" ";" ";"0";"0";"0";" ";"0";"1";"1";"0";"0";"0";"0";"0";"0";"1";" ";" ";"1";"0";" ";" ";" ";" ";" ";"3";"2";" "
"ACTBAD";"M";"P";"MI";" ";"0";"0";-1000000000;0;1440;"Activité badgée";"Activité badgée";"B0FFB0   0";"OSDF";448;"HMAJ";"0";"0";" ";"1";"1";"0";"0";"1";"0";0;"0";"0";"0";"0";"0";04/12/2020;"PACKAGE";19/03/2025;"##########";15/03/2023;" ";" ";" ";" ";" ";"0";"0";"1";" ";"1";"1";"1";"0";"0";"0";"0";"0";"0";"1";" ";" ";"1";"0";" ";" ";" ";" ";" ";" ";" ";" "
"CPEX";"C";"A";"CP";" ";"1";"0";-1000000000;0;1440;"Congé exceptionnel";"Congé exceptionnel";"FFFFA6   0";"OS";448;"HMAJ";"0";"0";" ";"1";"1";"0";"0";"1";"0";0;"0";"0";"0";"0";"1";04/12/2020;"PACKAGE";21/03/2025;"111111";01/01/1900;" ";" ";" ";" ";" ";"0";"0";"0";" ";"1";"1";"1";"0";"0";"0";"0";"0";"0";"1";" ";"0";"1";"0";" ";" ";" ";" ";" ";" ";" ";" "
"ACTR";"A";"A";"AC";" ";"3";"0";-1000000000;0;1440;"Accident de trajet";"Accident de trajet";"4F4FFF   FFFFFF";"OSDF";448;"HMAJ";"0";"0";"04";"1";"1";"0";"0";"1";"0";0;" ";"0";"0";"0";"1";04/12/2020;"PACKAGE";19/03/2025;"##########";01/01/1900;" ";" ";" ";" ";" ";"0";"0";"0";" ";"1";"1";"1";"0";"0";"0";"0";"0";"0";"1";" ";" ";"1";"0";" ";" ";" ";" ";" ";"3";"2";" "
"DECSEB";"D";"P";"PR";" ";"1";"0";-1000000000;0;1440;"Délégation CSE badgée";"Délégation CSE badg.";"80FF80   0";"OSDF";256;"HMAJ";"0";"0";" ";"1";"1";"0";"0";"1";"0";0;"0";"0";"0";"0";"0";04/12/2020;"PACKAGE";19/03/2025;"##########";01/01/1900;" ";" ";" ";" ";" ";"0";"0";"1";"1";"1";" ";"1";"0";"0";"0";"0";"0";"0";"1";" ";" ";"1";"0";" ";" ";" ";" ";" ";" ";" ";" "
"DEDFS";"D";"A";"PR";" ";"1";"0";-1000000000;0;1440;"Délégation DFS";"Délégation DFS";"80FF80   0";"OSDF";448;"H";"0";"0";" ";"1";"1";"0";"0";"1";"0";0;"0";"0";"0";"0";"1";04/12/2020;"PACKAGE";19/03/2025;"##########";01/01/1900;" ";" ";" ";" ";" ";"0";"0";"1";"1";"1";" ";"1";"0";"0";"0";"0";"0";"0";"1";" ";" ";"1";"0";" ";" ";" ";" ";" ";" ";" ";" "
"EXMEDG";"V";"A";"PR";" ";"1";"0";-1000000000;0;1440;"Examen médical prenatal et postnatal";"Examen grossesse";"B0FFB0   000000";"OSDF";448;"HMAJ";"0";"0";" ";"1";"1";"0";"0";"1";"0";0;"0";"0";"0";"0";"1";04/12/2020;"PACKAGE";20/03/2025;"##########";01/01/1900;" ";" ";" ";" ";" ";"0";"0";"0";"0";"0";" ";"1";"0";"0";"0";"0";"0";"0";"1";" ";" ";"1";"0";" ";" ";" ";" ";" ";" ";" ";" "
"DEDS";"D";"A";"PR";" ";"1";"0";-1000000000;0;1440;"Délégation DS";"Délégation DS";"80FF80   0";"OSDF";448;"H";"0";"0";" ";"1";"1";"0";"0";"1";"0";0;"0";"0";"0";"0";"1";04/12/2020;"PACKAGE";19/03/2025;"##########";31/05/2023;" ";" ";" ";" ";" ";"0";"0";"1";"1";"1";" ";"1";"0";"0";"0";"0";"0";"0";"1";" ";" ";"1";"0";" ";" ";" ";" ";" ";" ";" ";" "
"MISC";"M";"A";"MI";" ";"0";"1";-1000000000;-1440;1440;"Mission corrigée";"Mission corrigée";"B0FFB0   0";"OSDF";448;"HMAJ";"0";"0";" ";"1";"1";"0";"0";"1";"0";0;"0";"0";"0";"0";"1";04/12/2020;"PACKAGE";20/03/2025;"##########";01/01/1900;" ";" ";" ";" ";" ";"0";"0";"1";" ";"1";"1";"1";"0";"0";"0";"0";"0";"0";"1";" ";" ";"1";"0";" ";" ";" ";" ";" ";" ";" ";" "
"DEPL";"D";"A";"PR";" ";"1";"0";-1000000000;0;1440;"Déplacement";"Déplacement";"B9FFFF   0";"OSDF";448;"HMAJ";"0";"0";" ";"1";"1";"0";"0";"1";"0";0;"0";"0";"0";"0";"1";04/12/2020;"PACKAGE";19/03/2025;"##########";09/12/2020;" ";" ";" ";" ";" ";"0";"0";"1";" ";"0";"1";"1";"0";"0";"0";"0";"0";"0";"1";" ";" ";"1";"0";" ";" ";" ";" ";" ";" ";" ";" "
"EXAM";"E";"A";"AD";" ";"1";"0";-1000000000;0;1440;"Préparation examen";"Préparation examen";"B9FFFF   0";"O";448;"HMAJ";"0";"0";" ";"1";"1";"0";"0";"1";"0";0;"0";"0";"0";"0";"1";04/12/2020;"PACKAGE";19/03/2025;"##########";01/01/1900;" ";" ";" ";" ";" ";"0";"0";"0";" ";"1";"0";"1";"0";"0";"0";"0";"0";"0";"1";" ";" ";"1";"0";" ";" ";" ";" ";" ";" ";" ";" "
"GREV";"G";"A";"AB";" ";"1";"0";-1000000000;0;1440;"Grève";"Grève";"8080FF   FFFFFF";"O";448;"HMAJ";"0";"0";" ";"1";"1";"0";"0";"1";"0";0;"0";"0";"0";"0";"1";04/12/2020;"PACKAGE";21/03/2025;"111111";31/05/2023;" ";" ";" ";" ";" ";"0";"0";"0";" ";"0";"0";"0";"0";"0";"0";"0";"0";"0";"1";" ";"0";"0";"0";" ";" ";" ";" ";" ";" ";" ";" "
"MIAP";"M";"A";"AB";" ";"2";"0";-1000000000;0;1440;"Mise à pied";"Mise à pied";"8080FF   FFFFFF";"O";448;"H";"0";"0";" ";"0";"0";"0";"0";"1";"0";0;"0";"0";"0";"0";"1";04/12/2020;"PACKAGE";21/03/2025;"111111";21/04/2023;" ";" ";" ";" ";" ";"0";"0";"0";" ";"0";"0";"0";"0";"0";"0";"0";"0";"0";" ";" ";"0";"0";"0";" ";" ";" ";" ";" ";" ";" ";" "
"FENC";"M";"A";"MT";" ";"3";"1";-1000000000;0;1440;"Femme enceinte";"Femme enceinte";"4F4FFF   FFFFFF";"OSDF";448;"H";"0";"0";" ";"1";"1";"0";"0";"1";"0";0;"0";"0";"0";"0";"1";04/12/2020;"PACKAGE";19/03/2025;"##########";01/01/1900;" ";" ";" ";" ";" ";"0";"0";"0";"0";"0";" ";"1";"0";"0";"0";"0";"0";"0";"1";" ";" ";"1";"0";" ";" ";" ";" ";" ";" ";" ";" "
"FPOM";"F";"A";"AD";" ";"1";"0";-1000000000;0;1440;"Formation pompier";"Formation pompier";"B9FFFF   0";"O";448;"HMAJ";"0";"0";" ";"1";"1";"0";"0";"1";"0";0;"0";"0";"0";"0";"1";04/12/2020;"PACKAGE";19/03/2025;"##########";01/01/1900;" ";" ";" ";" ";" ";"0";"0";"0";" ";"0";"1";"1";"0";"0";"0";"0";"0";"0";"1";" ";" ";"1";"0";" ";" ";" ";" ";" ";" ";" ";" "
"FORM";"F";"P";"PR";" ";"1";"1";420;0;1440;"Formation";"Formation";"B0FFB0   0";"O";448;"HMAJ";"0";"0";" ";"1";"1";"0";"0";"1";"0";0;"0";"0";"0";"0";"1";04/12/2020;"PACKAGE";21/03/2025;"111111";15/05/2025;" ";" ";" ";" ";" ";"0";"0";"1";" ";"1";"1";"1";"0";"0";"0";"0";"0";"0";"1";" ";"0";"1";"0";" ";"1";" ";" ";" ";" ";" ";" "
"DELE";"D";"A";"PR";" ";"1";"1";-1000000000;0;1440;"Délégation";"Délégation";"B9FFFF   0";"OSDF";448;"HMAJ";"0";"0";" ";"1";"1";"0";"0";"1";"0";0;"0";"0";"0";"0";"1";04/12/2020;"PACKAGE";19/03/2025;"##########";15/05/2025;" ";" ";" ";" ";" ";"0";"0";"1";"1";"1";"1";"1";"0";"0";"1";"0";"0";"0";"1";" ";" ";"1";"0";" ";" ";" ";" ";"1";" ";" ";" "
"VMED";"V";"A";"PR";" ";"1";"0";-1000000000;0;1440;"Visite médicale";"Visite médicale";"B0FFB0   0";"OSDF";448;"HMAJ";"0";"0";" ";"1";"1";"0";"0";"1";"0";0;"0";"0";"0";"0";"1";04/12/2020;"PACKAGE";19/03/2025;"##########";15/05/2025;" ";" ";" ";" ";" ";"0";"0";"1";" ";"1";"1";"1";"1";"1";"1";"1";"1";"1";"1";" ";" ";"1";"0";" ";" ";" ";" ";"1";" ";" ";" "
"DECSE";"D";"A";"PR";" ";"1";"0";-1000000000;0;1440;"Délégation CSE";"Délégation CSE";"80FF80   0";"OSDF";448;"HMAJ";"0";"0";" ";"1";"1";"0";"0";"1";"0";0;"0";"0";"0";"0";"1";04/12/2020;"PACKAGE";19/03/2025;"##########";23/07/2025;" ";" ";" ";" ";" ";"0";"0";"1";"1";"1";" ";"1";"0";"0";"0";"0";"0";"0";"1";" ";" ";"1";"0";" ";" ";" ";" ";" ";" ";" ";" "
"EVFA";"E";"A";"EV";" ";"1";"0";-1000000000;0;1440;"Evènements familiaux";"Evènements familiaux";"8080FF   FFFFFF";"OS";448;"HMAJ";"0";"0";" ";"1";"1";"0";"0";"1";"0";0;"0";"0";"0";"0";"1";04/12/2020;"PACKAGE";21/03/2025;"111111";23/07/2025;" ";" ";" ";" ";" ";"0";"0";"0";" ";"0";"1";"1";"0";"0";"0";"0";"0";"0";"1";" ";"0";"1";"0";" ";" ";" ";" ";" ";" ";" ";" "
"MISS";"M";"P";"MI";" ";"0";"1";-1000000000;0;1440;"Mission badgée";"Mission badgée";"B0FFB0   0";"OSDF";256;"HMAJ";"0";"0";" ";"1";"1";"0";"0";"1";"0";0;"0";"0";"0";"0";"0";04/12/2020;"PACKAGE";19/03/2025;"##########";05/04/2023;" ";" ";" ";" ";" ";"0";"0";"1";" ";"1";"1";"1";"0";"0";"0";"0";"0";"0";"1";" ";" ";"1";"0";" ";" ";" ";" ";"1";" ";" ";" "
"MISSL";"M";"P";"MI";" ";"0";"0";-1000000000;0;1440;"Mission badgée la veille";"Mission badgée veill";"B0FFB0   0";"OSDF";256;"HMAJ";"0";"0";" ";"1";"1";"0";"0";"1";"0";0;"0";"0";"0";"0";"0";04/12/2020;"PACKAGE";19/03/2025;"##########";01/01/1900;" ";" ";" ";" ";" ";"0";"0";"1";" ";"1";"1";"1";"0";"0";"0";"0";"0";"0";"1";" ";" ";"1";"0";" ";" ";" ";" ";" ";" ";" ";" "
"FELC";"F";"A";"AD";" ";"1";"0";-1000000000;0;1440;"Fonction élective";"Fonction élective";"B9FFFF   0";"O";448;"HMAJ";"0";"0";" ";"1";"1";"0";"0";"1";"0";0;"0";"0";"0";"0";"1";04/12/2020;"PACKAGE";19/03/2025;"##########";01/01/1900;" ";" ";" ";" ";" ";"0";"0";"0";" ";"0";"1";"1";"0";"0";"0";"0";"0";"0";"1";" ";" ";"1";"0";" ";" ";" ";" ";" ";" ";" ";" "
"PA";"P";"P";"PA";" ";"0";"0";-1000000000;0;1440;"Pause 5%";"Pause 5%";"B0FFB0   0";"OSDF";448;"HMAJ";"0";"0";" ";"1";"1";"0";"0";"1";"0";0;"0";"0";"0";"0";"0";04/12/2020;"PACKAGE";19/03/2025;"##########";01/01/1900;" ";" ";" ";" ";" ";"0";"0";"1";" ";"1";" ";"1";"0";"0";"0";"0";"0";"0";"1";" ";" ";"1";"0";" ";" ";" ";" ";" ";" ";" ";" "
"PAUSE";"P";"P";"PA";" ";"0";"0";-1000000000;0;1440;"Pause badgée au lecteur";"Pause badgée";"B0FFB0   0";"OSDF";256;"HMAJ";"0";"0";" ";"1";"1";"0";"0";"1";"0";0;"0";"0";"0";"0";"0";04/12/2020;"PACKAGE";20/03/2025;"##########";01/01/1900;" ";" ";" ";" ";" ";"0";"0";"0";" ";"0";"0";"0";"0";"0";"0";"0";"0";"0";"0";" ";" ";"0";"0";" ";" ";" ";" ";" ";" ";" ";" "
"RETA";"R";"A";"AB";" ";"1";"0";-1000000000;0;1440;"Retard";"Retard";"8080FF   FFFFFF";"O";448;"H";"0";"0";" ";"1";"1";"0";"0";"1";"0";0;"0";"0";"0";"0";"1";04/12/2020;"PACKAGE";20/03/2025;"##########";12/01/2022;" ";" ";" ";" ";" ";"0";"0";"0";" ";"0";"0";"0";"0";"0";"0";"0";"0";"0";"1";" ";" ";"0";"0";" ";" ";" ";" ";" ";" ";" ";" "
"REUCSE";"D";"A";"PR";" ";"1";"0";-1000000000;0;1440;"Réunion CSE";"Réunion CSE";"80FF80   0";"OSDF";448;"H";"0";"0";" ";"1";"1";"0";"0";"1";"0";0;"0";"0";"0";"0";"1";04/12/2020;"PACKAGE";19/03/2025;"##########";24/03/2025;" ";" ";" ";" ";" ";"0";"0";"1";"1";"1";" ";"1";"0";"0";"0";"0";"0";"0";"1";" ";" ";"1";"0";" ";" ";" ";" ";" ";" ";" ";" "
"PAUS";"P";"A";"PR";" ";"0";"0";-1000000000;0;1440;"Pause";"Pause";"B0FFB0   0";"OSDF";448;"H";"0";"0";" ";"1";"1";"0";"0";"1";"0";0;"0";"0";"0";"0";"1";04/12/2020;"PACKAGE";19/03/2025;"##########";31/05/2023;" ";" ";" ";" ";" ";"0";"0";"0";" ";"0";"1";"1";"0";"0";"0";"0";"0";"0";"1";" ";" ";"0";"0";" ";" ";" ";" ";" ";" ";" ";" "
"RCNUIT";"R";"A";"RC";" ";"1";"0";-1000000000;0;1440;"Repos compensateur de nuit";"RC de nuit";"FFFFA6   0";"OSDF";448;"HMAJ";"0";"0";" ";"1";"1";"0";"0";"1";"0";0;"0";"0";"0";"0";"1";04/12/2020;"PACKAGE";20/03/2025;"##########";01/01/1900;" ";" ";" ";" ";" ";"0";"0";"0";" ";"0";" ";"1";"0";"0";"0";"0";"0";"0";"1";" ";" ";"1";"0";" ";" ";" ";" ";" ";" ";" ";" "
"RCRQ";"R";"A";"RC";" ";"1";"0";-1000000000;0;1440;"RC Repos quotidien";"RC Repos quotidien";"FFFFA6   000000";"OSDF";448;"HMAJ";"0";"0";" ";"1";"1";"0";"0";"1";"0";0;"0";"0";"0";"0";"1";03/04/2023;"111111";19/03/2025;"##########";31/05/2023;" ";" ";" ";" ";" ";"0";"0";"0";"0";"0";" ";"1";"0";"0";"0";"0";"0";"0";"1";" ";" ";"1";"0";" ";" ";" ";" ";" ";" ";" ";" "
"RC";"R";"A";"RC";" ";"1";"0";-1000000000;0;1440;"Repos compensateur";"Repos compensateur";"FFFFA6   0";"OSDF";448;"HMAJ";"0";"0";" ";"1";"1";"0";"0";"1";"0";0;"0";"0";"0";"0";"1";04/12/2020;"PACKAGE";20/03/2025;"##########";23/07/2025;" ";" ";" ";" ";" ";"0";"0";"0";" ";"0";"1";"1";"0";"0";"0";"0";"0";"0";"1";" ";" ";"1";"0";" ";" ";" ";" ";" ";" ";" ";" "
"REHS";"R";"A";"RE";" ";"1";"0";-1000000000;0;1440;"Récupération HS/HC";"Récupération HS/HC";"FFFFA6   0";"OSDF";448;"HMAJ";"0";"0";" ";"1";"1";"0";"0";"1";"0";0;"0";"0";"0";"0";"1";04/12/2020;"PACKAGE";19/03/2025;"##########";23/07/2025;" ";" ";" ";" ";" ";"0";"0";"0";" ";"0";"1";"1";"0";"0";"0";"0";"0";"0";"1";" ";" ";"1";"0";" ";" ";" ";" ";" ";" ";" ";" "
"RECU";"R";"A";"RE";" ";"1";"1";-1000000000;0;1440;"Récupération sur Crédit/Débit";"Récupération";"FFFFA6   0";"OSDF";448;"HMAJ";"0";"0";" ";"1";"1";"0";"0";"1";"0";0;"0";"0";"0";"0";"1";04/12/2020;"PACKAGE";19/03/2025;"##########";23/07/2025;" ";" ";" ";" ";" ";"0";"0";"0";" ";"0";"1";"2";"0";"0";"0";"0";"0";"0";"1";" ";" ";"1";"0";" ";" ";" ";" ";" ";" ";" ";" "
"CP";"C";"A";"CP";" ";"1";"1";420;0;1440;"Congé payé annuel";"Congé payé annuel";"FF8000   FFFFFF";"OS";448;" MAJ";"0";"0";" ";"2";"0";"0";"0";"1";"0";0;"0";"0";"0";"0";"1";04/12/2020;"PACKAGE";21/03/2025;"111111";23/07/2025;" ";" ";" ";" ";" ";"0";"0";"0";" ";"0";"1";"1";"0";"0";"0";"0";"0";"0";" ";" ";"1";"1";"0";" ";" ";" ";" ";"0";" ";" ";" "
"CPAT";"C";"A";"MT";" ";"1";"0";-1000000000;0;1440;"Congé paternité";"Congé paternité";"8080FF   FFFFFF";"OS";448;" MAJ";"0";"0";"03";"2";"0";"0";"0";"1";"0";0;" ";"0";"0";"0";"1";04/12/2020;"PACKAGE";30/05/2023;"111111";01/01/1900;" ";" ";" ";" ";" ";"0";"0";"0";" ";"0";"1";"1";"0";"0";"0";"0";"0";"0";" ";" ";" ";"1";"0";" ";" ";" ";" ";" ";" ";"2";" "
"CPR";"C";"A";"CP";" ";"1";"0";-1000000000;0;1440;"Reliquat Congé";"Reliquat Congé";"FF8000   FFFFFF";"OS";448;" MAJ";"0";"0";" ";"2";"0";"0";"0";"1";"0";0;"0";"0";"0";"0";"1";04/12/2020;"PACKAGE";21/03/2025;"111111";10/03/2023;" ";" ";" ";" ";" ";"0";"0";"0";" ";"1";"1";"1";"0";"0";"0";"0";"0";"0";" ";" ";"1";"1";"0";" ";" ";" ";" ";" ";" ";" ";" "
"RCP";"C";"A";"CP";" ";"1";"1";420;0;1440;"Report congé";"Report congé";"FF8000   FFFFFF";"OS";448;" MAJ";"0";"0";" ";"2";"0";"0";"0";"1";"0";0;"0";"0";"0";"0";"1";12/02/2025;"111111";21/03/2025;"111111";01/01/1900;" ";" ";" ";" ";" ";"0";"0";"0";" ";"0";"1";"1";"0";"0";"0";"0";"0";"0";" ";" ";"0";"1";"0";" ";" ";" ";" ";"0";" ";" ";" "
"RFJ";"R";"A";"RT";" ";"1";"0";-1000000000;0;1440;"Repos forfait jours";"Repos forfait jours";"FFA346   FFFFFF";"OS";448;" MAJ";"0";"0";" ";"2";"0";"0";"0";"1";"0";0;"0";"0";"0";"0";"1";19/02/2025;"111111";21/03/2025;"111111";01/01/1900;" ";" ";" ";" ";" ";"0";"0";"0";" ";"0";"1";"1";"0";"0";"0";"0";"0";"0";" ";" ";"0";"1";"0";" ";" ";" ";" ";" ";" ";" ";" "
"TLTRAV";"F";"P";"TT";" ";"1";"1";420;0;1440;"Télétravail (pas de badgeage)";"Télétravail";"B0FFB0   0";"O";448;" MAJ";"0";"0";" ";"2";"0";"0";"0";"1";"0";0;"0";"0";"0";"0";"1";04/12/2020;"PACKAGE";20/03/2025;"##########";23/07/2025;" ";" ";" ";" ";" ";"0";"0";"1";"1";"1";" ";"1";"0";"0";"0";"1";"0";"0";"0";" ";" ";"1";"0";" ";"1";" ";" ";" ";" ";" ";" "
"FERIE";"F";"A";"FE";" ";"2";"1";-1000000000;0;1440;"Férié";"Férié";"C08000   FFFFFF";"OSDF";448;"   J";"0";"0";" ";"2";"0";"0";"0";"0";"0";0;"0";"0";"0";"0";"1";12/02/2025;"111111";21/03/2025;"111111";21/07/2025;" ";" ";" ";" ";" ";"0";"0";"0";" ";"0";"1";"1";"0";"0";"0";"0";"0";"0";" ";" ";"0";"1";"0";" ";" ";" ";" ";" ";" ";" ";" "
"CSS";"C";"A";"AB";" ";"1";"1";-1000000000;0;1440;"Congé sans solde";"Congé sans solde";"FFFF55   FFFFFF";"OSDF";448;" MAJ";"0";"0";" ";"2";"0";"0";"0";"1";"0";0;"0";"0";"0";"0";"1";04/12/2020;"PACKAGE";08/04/2025;"111111";19/01/2023;" ";" ";" ";" ";" ";"0";"0";"0";" ";"0";"1";"1";"0";"0";"0";"0";"0";"0";" ";" ";" ";"1";"0";" ";" ";" ";" ";" ";"1";" ";"1"
"MALD";"M";"A";"MA";" ";"3";"0";-1000000000;0;1440;"Maladie longue durée";"Maladie longue durée";"4F4FFF   FFFFFF";"OSDF";448;" MAJ";"0";"0";"01";"2";"0";"0";"0";"1";"0";0;" ";"0";"0";"0";"1";04/12/2020;"PACKAGE";12/02/2025;"111111";01/01/1900;" ";" ";" ";" ";" ";"0";"0";"0";" ";"0";"1";"1";"0";"0";"0";"0";"0";"0";" ";" ";" ";"1";"0";" ";" ";" ";" ";" ";"2";"2";" "
"RTTE";"R";"A";"RT";" ";"1";"0";-1000000000;0;1440;"RTT employeur";"RTT employeur";"FFA346   FFFFFF";"OS";448;" MAJ";"0";"0";" ";"2";"0";"0";"0";"1";"0";0;"0";"0";"0";"0";"1";04/12/2020;"PACKAGE";21/03/2025;"111111";26/05/2023;" ";" ";" ";" ";" ";"0";"0";"0";" ";"0";"1";"1";"0";"0";"0";"0";"0";"0";" ";" ";"0";"1";"0";" ";" ";" ";" ";" ";" ";" ";" "
"CMAR";"C";"A";"EV";" ";"1";"0";-1000000000;0;1440;"Congé mariage";"Congé mariage";"B9B9FF   FFFFFF";"OS";448;" MAJ";"0";"0";" ";"2";"0";"0";"0";"1";"0";0;"0";"0";"0";"0";"1";04/12/2020;"PACKAGE";21/03/2025;"111111";23/07/2025;" ";" ";" ";" ";" ";"0";"0";"0";" ";"1";"1";"1";"0";"0";"0";"0";"0";"0";" ";" ";"0";"1";"0";" ";" ";" ";" ";" ";" ";" ";" "
"CPAN";"C";"A";"CP";" ";"1";"0";-1000000000;0;1440;"Congé payé ancien.";"Congé payé ancien.";"FFFFA6   0";"OS";448;" MAJ";"0";"0";" ";"2";"0";"0";"0";"1";"0";0;"0";"0";"0";"0";"1";04/12/2020;"PACKAGE";21/03/2025;"111111";23/07/2025;" ";" ";" ";" ";" ";"0";"0";"0";" ";"1";"1";"1";"0";"0";"0";"0";"0";"0";" ";" ";"1";"1";"0";" ";" ";" ";" ";" ";" ";" ";" "
"RTT";"R";"A";"RT";" ";"1";"0";-1000000000;0;1440;"RTT salarié";"RTT salarié";"FFA346   FFFFFF";"OS";448;" MAJ";"0";"0";" ";"2";"0";"0";"0";"1";"0";0;"0";"0";"0";"0";"1";04/12/2020;"PACKAGE";21/03/2025;"111111";23/07/2025;" ";" ";" ";" ";" ";"0";"0";"0";" ";"0";"1";"1";"0";"0";"0";"0";"0";"0";" ";" ";"0";"1";"0";" ";" ";" ";" ";" ";" ";" ";" "
"CFRAC";"C";"A";"CP";" ";"1";"0";-1000000000;0;1440;"Congé fractionnement";"Congé fractionnement";"FF8000   FFFFFF";"OS";448;" MAJ";"0";"0";" ";"2";"0";"0";"0";"1";"0";0;"0";"0";"0";"0";"1";04/12/2020;"PACKAGE";21/03/2025;"111111";23/07/2025;" ";" ";" ";" ";" ";"0";"0";"0";" ";"1";"1";"1";"0";"0";"0";"0";"0";"0";" ";" ";"1";"1";"0";" ";" ";" ";" ";" ";" ";" ";" "
"CMAT";"C";"A";"MT";" ";"1";"0";-1000000000;0;1440;"Congé maternité";"Congé maternité";"B9B9FF   FFFFFF";"OS";448;" MAJ";"0";"0";"02";"2";"0";"0";"0";"1";"0";1;"1";"0";"0";"0";"1";04/12/2020;"PACKAGE";21/03/2025;"111111";01/01/1900;" ";" ";" ";" ";" ";"0";"0";"0";" ";"0";"1";"1";"0";"0";"0";"1";"0";"0";" ";" ";"0";"1";"0";" ";" ";" ";" ";" ";" ";"2";" "
"CPA";"C";"A";"CP";" ";"1";"0";-1000000000;0;1440;"Congé payé anticip";"Congé payé anticip";"FF8000   FFFFFF";"OS";448;" MAJ";"0";"0";" ";"2";"0";"0";"0";"1";"0";0;"0";"0";"0";"0";"1";04/12/2020;"PACKAGE";21/03/2025;"111111";18/03/2025;" ";" ";" ";" ";" ";"0";"0";"0";" ";"1";"1";"1";"0";"0";"0";"0";"0";"0";" ";" ";"1";"1";"0";" ";" ";" ";" ";" ";" ";" ";" "
"MALA";"M";"A";"MA";" ";"3";"1";-1000000000;0;1440;"Maladie";"Maladie";"4F4FFF   FFFFFF";"OSDF";448;" MAJ";"0";"0";"01";"2";"0";"0";"0";"1";"0";60;"1";"0";"0";"0";"1";04/12/2020;"PACKAGE";21/03/2025;"111111";01/07/2025;" ";" ";" ";" ";" ";"0";"0";"0";" ";"0";"1";"1";"0";"0";"0";"0";"0";"0";" ";" ";"0";"1";"0";" ";" ";" ";" ";" ";"2";"2";" "
"CENF";"C";"A";"EV";" ";"1";"0";-1000000000;0;1440;"Congé enfant malade";"Congé enfant malade";"B9B9FF   FFFFFF";"OS";448;" MAJ";"0";"0";" ";"2";"0";"0";"0";"1";"0";0;"0";"0";"0";"0";"1";04/12/2020;"PACKAGE";01/01/1900;" ";23/07/2025;" ";" ";" ";" ";" ";"0";"0";"0";"0";"0";"1";"1";"0";"0";"0";"0";"0";"0";" ";" ";" ";"1";"0";" ";" ";" ";" ";" ";" ";" ";" "
"CNAI";"C";"A";"EV";" ";"1";"0";-1000000000;0;1440;"Congé naissance";"Congé naissance";"B9B9FF   FFFFFF";"OS";448;" MAJ";"0";"0";" ";"2";"0";"0";"0";"1";"0";0;"0";"0";"0";"0";"1";04/12/2020;"PACKAGE";21/03/2025;"111111";23/07/2025;" ";" ";" ";" ";" ";"0";"0";"0";" ";"1";"1";"1";"0";"0";"0";"0";"0";"0";" ";" ";"0";"1";"0";" ";" ";" ";" ";" ";" ";" ";" "
"CODC";"C";"A";"EV";" ";"1";"0";-1000000000;0;1440;"Congé décés";"Congé décès";"B9B9FF   FFFFFF";"OS";448;" MAJ";"0";"0";" ";"2";"0";"0";"0";"1";"0";0;"0";"0";"0";"0";"1";04/12/2020;"PACKAGE";21/03/2025;"111111";23/07/2025;" ";" ";" ";" ";" ";"0";"0";"0";" ";"1";"1";"1";"0";"0";"0";"0";"0";"0";" ";" ";"0";"1";"0";" ";" ";" ";" ";" ";" ";" ";" "
"ABSDON";"C";"A";"CP";" ";"1";"1";-1000000000;0;1440;"Absence sur don";"Absence  sur don";"FFFFA6   0";"OS";448;" MAJ";"0";"0";" ";"2";"0";"0";"0";"1";"0";0;"0";" ";"0";" ";"1";04/12/2020;"PACKAGE";01/01/1900;" ";23/07/2025;" ";" ";" ";" ";" ";"0";"0";"0";" ";"1";" ";"1";"0";"0";"0";"0";"0";"0";" ";" ";" ";"1";"0";" ";" ";" ";" ";" ";" ";" ";" "
"ZABS";" ";"C";"CO";" ";"0";"0";-1000000000;0;59940;"Init heures d'absences en plages fixes";"Init h.abs. plage f.";"6767B4   FFFFFF";"OSDF";448;"H";"1";"0";" ";"2";"0";"0";"0";"1";"0";0;"0";"0";"0";"0";"0";04/12/2020;"PACKAGE";19/03/2025;"##########";01/01/1900;" ";" ";" ";" ";" ";"0";"0";"0";" ";"0";"0";"0";"0";"0";"0";"0";"0";"0";" ";" ";" ";"0";"0";" ";" ";" ";" ";" ";" ";" ";" "
"CSUP";"C";"A";"CP";" ";"1";"1";420;0;1440;"Congé supplémentaire";"Congé supplémentaire";"FF8000   FFFFFF";"OS";448;" MAJ";"0";"0";" ";"2";"0";"0";"0";"1";"0";0;"0";"0";"0";"0";"1";08/04/2025;"222222";01/01/1900;" ";01/01/1900;" ";" ";" ";" ";" ";"0";"0";"0";" ";"0";"1";"1";"0";"0";"0";"0";"0";"0";" ";" ";"1";"1";"0";" ";" ";" ";" ";"0";" ";" ";" "
"CET";"C";"A";"CP";" ";"1";"0";-1000000000;0;1440;"Compte épargne temps";"Compte épargne temps";"FFFFA6   0";"OS";448;" MAJ";"0";"0";" ";"2";"0";"0";"0";"1";"0";0;"0";"0";"0";"0";"1";04/12/2020;"PACKAGE";24/03/2023;"111111";16/03/2023;" ";" ";" ";" ";" ";"0";"0";"0";" ";"1";"1";"1";"0";"0";"0";"0";"0";"0";" ";" ";" ";"1";"0";" ";" ";" ";" ";" ";" ";" ";" "
"ZBRC";" ";"C";"CO";" ";"0";"0";-1000000000;0;59940;"Init base hebdo repos compensateur";"Init base RC";"6767B4   FFFFFF";"OSDF";448;"H";"1";"0";" ";"2";"0";"0";"0";"1";"0";0;"0";"0";"0";"0";"0";04/12/2020;"PACKAGE";20/03/2025;"##########";01/01/1900;" ";" ";" ";" ";" ";"0";"0";"0";" ";"0";"0";"0";"0";"0";"0";"0";"0";"0";" ";" ";" ";"0";"0";" ";" ";" ";" ";" ";" ";" ";" "
"ZARC";" ";"C";"CO";" ";"0";"0";-1000000000;0;59940;"Init COR acquis";"Init. COR acquis";"6767B4   FFFFFF";"OSDF";448;"H";"1";"0";" ";"2";"0";"0";"0";"1";"0";0;"0";"0";"0";"0";"0";04/12/2020;"PACKAGE";19/03/2025;"##########";20/04/2023;" ";" ";" ";" ";" ";"0";"0";"0";" ";"0";"0";"0";"0";"0";"0";"0";"0";"0";" ";" ";" ";"0";"0";" ";" ";" ";" ";" ";" ";" ";" "
"ZBHS";" ";"C";"CO";" ";"0";"0";-1000000000;0;59940;"Init base des heures supplémentaires";"Init base HS";"6767B4   FFFFFF";"OSDF";448;"H";"1";"0";" ";"2";"0";"0";"0";"1";"0";0;"0";"0";"0";"0";"0";04/12/2020;"PACKAGE";19/03/2025;"##########";01/01/1900;" ";" ";" ";" ";" ";"0";"0";"0";" ";"0";"0";"0";"0";"0";"0";"0";"0";"0";" ";" ";" ";"0";"0";" ";" ";" ";" ";" ";" ";" ";" "
"ZBPA";" ";"C";"CO";" ";"0";"0";-1000000000;0;59940;"Init base heures payées";"Init base Hrs payées";"6767B4   FFFFFF";"OSDF";448;"H";"1";"0";" ";"2";"0";"0";"0";"1";"0";0;"0";"0";"0";"0";"0";04/12/2020;"PACKAGE";19/03/2025;"##########";01/01/1900;" ";" ";" ";" ";" ";"0";"0";"0";" ";"0";" ";"0";"0";"0";"0";"0";"0";"0";" ";" ";" ";"0";"0";" ";" ";" ";" ";" ";" ";" ";" "
"TTEXCEP";"F";"C";"TT";" ";"1";"1";-1000000000;0;1000000000;"Teletravail exceptionnel";"Télétrav. except.";"FFFFFF   FF00EE";"O";448;"HMAJ";"1";"0";" ";"1";"1";"0";"0";"1";"0";0;"0";"0";"0";"0";"0";04/12/2020;"PACKAGE";20/03/2025;"##########";23/07/2025;" ";" ";" ";" ";" ";"0";"0";"0";" ";"0";" ";"0";"0";"0";"0";"0";"0";"0";" ";" ";" ";"0";"0";" ";" ";" ";" ";" ";" ";" ";" "
"ZDCSE";" ";"C";"CO";" ";"0";"0";-1000000000;-59940;59940;"Init. Droit CSE";"Init. Droit CSE";"6767B4   FFFFFF";"OSDF";448;"H";"1";"0";" ";"2";"0";"0";"0";"1";"0";0;"0";"0";"0";"0";"0";04/12/2020;"PACKAGE";19/03/2025;"##########";01/01/1900;" ";" ";" ";" ";" ";"0";"0";"0";" ";"0";" ";"0";"0";"0";"0";"0";"0";"0";" ";" ";" ";"0";"0";" ";" ";" ";" ";" ";" ";" ";" "
".....ASTR";" ";"C";"PR";" ";"0";"0";-1000000000;0;59940;"Astreinte";"Astreinte";"B87833   000000";"OSDF";448;"HMAJ";"1";"0";" ";"1";"1";"0";"0";"1";"0";0;"0";"0";"0";"0";"0";04/12/2020;"PACKAGE";19/03/2025;"##########";21/04/2023;" ";" ";" ";" ";" ";"0";"0";"0";"0";"0";" ";"0";"0";"0";"0";"0";"0";"0";"0";" ";" ";"0";"0";" ";"0";" ";" ";" ";" ";" ";" "
"ZEFF";" ";"C";"CO";" ";"0";"0";-1000000000;0;1440;"Init heures effectives jour";"Init h. effect. jour";"6767B4   FFFFFF";"OSDF";448;"H";"1";"0";" ";"2";"0";"0";"0";"1";"0";0;"0";"0";"0";"0";"0";04/12/2020;"PACKAGE";19/03/2025;"##########";01/01/1900;" ";" ";" ";" ";" ";"0";"0";"0";" ";"0";"0";"0";"0";"0";"0";"0";"0";"0";" ";" ";" ";"0";"0";" ";" ";" ";" ";" ";" ";" ";" "
"ZDIM";" ";"C";"CO";" ";"0";"0";-1000000000;0;59940;"Init heures de dimanches payées";"Init h.dimanches";"6767B4   FFFFFF";"OSDF";448;"H";"1";"0";" ";"2";"0";"0";"0";"1";"0";0;"0";"0";"0";"0";"0";04/12/2020;"PACKAGE";19/03/2025;"##########";01/01/1900;" ";" ";" ";" ";" ";"0";"0";"0";" ";"0";"0";"0";"0";"0";"0";"0";"0";"0";" ";" ";" ";"0";"0";" ";" ";" ";" ";" ";" ";" ";" "
"ZEXC";" ";"C";"CO";" ";"0";"0";-1000000000;0;1440;"Init heures excédentaires jour";"Init h.excédentaires";"6767B4   FFFFFF";"OSDF";448;"H";"1";"0";" ";"2";"0";"0";"0";"1";"0";0;"0";"0";"0";"0";"0";04/12/2020;"PACKAGE";19/03/2025;"##########";01/01/1900;" ";" ";" ";" ";" ";"0";"0";"0";" ";"0";"0";"0";"0";"0";"0";"0";"0";"0";" ";" ";" ";"0";"0";" ";" ";" ";" ";" ";" ";" ";" "
"ZFER";" ";"C";"CO";" ";"0";"0";-1000000000;0;59940;"Init heures fériées payées";"Init. h.fériées";"6767B4   FFFFFF";"OSDF";448;"H";"1";"0";" ";"2";"0";"0";"0";"1";"0";0;"0";"0";"0";"0";"0";04/12/2020;"PACKAGE";19/03/2025;"##########";01/01/1900;" ";" ";" ";" ";" ";"0";"0";"0";" ";"0";"0";"0";"0";"0";"0";"0";"0";"0";" ";" ";" ";"0";"0";" ";" ";" ";" ";" ";" ";" ";" "
"ZHCP";" ";"C";"CO";" ";"0";"0";-1000000000;0;59940;"Init HC payées non majorées";"Init HC payées";"6767B4   FFFFFF";"OSDF";448;"H";"1";"0";" ";"2";"0";"0";"0";"1";"0";0;"0";"0";"0";"0";"0";04/12/2020;"PACKAGE";19/03/2025;"##########";01/01/1900;" ";" ";" ";" ";" ";"0";"0";"0";" ";"0";" ";"0";"0";"0";"0";"0";"0";"0";" ";" ";" ";"0";"0";" ";" ";" ";" ";" ";" ";" ";" "
"ZHPA";" ";"C";"CO";" ";"0";"0";-1000000000;0;59940;"Init heures payées journalières";"Init hrs payées jour";"6767B4   FFFFFF";"OSDF";448;"H";"1";"0";" ";"2";"0";"0";"0";"1";"0";0;"0";"0";"0";"0";"0";04/12/2020;"PACKAGE";19/03/2025;"##########";01/01/1900;" ";" ";" ";" ";" ";"0";"0";"0";" ";"0";" ";"0";"0";"0";"0";"0";"0";"0";" ";" ";" ";"0";"0";" ";" ";" ";" ";" ";" ";" ";" "
"ZHS25A";" ";"C";"CO";" ";"0";"0";-1000000000;0;59940;"Init HS 25% annuelles";"Init HS 25% annuelle";"6767B4   FFFFFF";"OSDF";448;"H";"1";"0";" ";"2";"0";"0";"0";"1";"0";0;"0";"0";"0";"0";"0";04/12/2020;"PACKAGE";19/03/2025;"##########";01/01/1900;" ";" ";" ";" ";" ";"0";"0";"0";" ";"0";"0";"0";"0";"0";"0";"0";"0";"0";" ";" ";" ";"0";"0";" ";" ";" ";" ";" ";" ";" ";" "
"ZJOU";" ";"C";"CO";" ";"0";"0";-1000000000;0;1440;"Init heures totales jour";"Init h.totales jour";"6767B4   FFFFFF";"OSDF";448;"H";"1";"0";" ";"2";"0";"0";"0";"1";"0";0;"0";"0";"0";"0";"0";04/12/2020;"PACKAGE";19/03/2025;"##########";01/01/1900;" ";" ";" ";" ";" ";"0";"0";"0";" ";"0";"0";"0";"0";"0";"0";"0";"0";"0";" ";" ";" ";"0";"0";" ";" ";" ";" ";" ";" ";" ";" "
"JSOL";" ";"C";"PR";" ";"0";"0";-1000000000;0;59940;"Journée de solidarité";"Journée solidarité";" ";"OSDF";448;"HMAJ";"1";"0";" ";"1";"1";"0";"0";"1";"0";0;"0";"0";"0";"0";"0";04/12/2020;"PACKAGE";21/03/2025;"111111";01/01/1900;" ";" ";" ";" ";" ";"0";"0";"0";"0";"0";" ";"0";"0";"0";"0";"0";"0";"0";"0";" ";"0";"1";"0";" ";"0";" ";" ";" ";" ";" ";" "
"FINP";"F";"C";"CO";" ";"2";"1";-1000000000;0;1440;"Fin période";"Fin période";"FFFF55   0";"OSDF";0;"H";"1";"0";" ";"0";"0";"0";" ";"1";" ";0;" ";" ";"0";" ";"0";04/12/2020;"PACKAGE";01/01/1900;" ";01/01/1900;" ";" ";" ";" ";" ";"0";"0";"0";" ";"0";"0";"0";"0";"0";"0";"0";"0";"0";" ";" ";" ";"0";"0";" ";" ";" ";" ";" ";" ";" ";" "
"PASS";"P";"C";"CO";" ";"0";"0";-1000000000;0;1440;"Nombre de passage au lecteur";"Nbr passage lecteur";"B0FFB0   0";"OSDF";256;"H";"1";"0";" ";"2";"0";"0";"0";"1";"0";0;"0";"0";"0";"0";"0";04/12/2020;"PACKAGE";19/03/2025;"##########";01/01/1900;" ";" ";" ";" ";" ";"0";"0";"0";" ";"0";"0";"0";"0";"0";"0";"0";"0";"0";" ";" ";" ";"0";"0";" ";" ";" ";" ";" ";" ";" ";" "
"XPCSE";" ";"C";"CO";" ";"0";"0";-1000000000;-59940;59940;"Maj Pris CSE";"Maj Pris CSE";"6767B4   FFFFFF";"OSDF";448;"H";"1";"0";" ";"2";"0";"0";"0";"1";"0";0;"0";"0";"0";"0";"0";04/12/2020;"PACKAGE";19/03/2025;"##########";01/01/1900;" ";" ";" ";" ";" ";"0";"0";"0";" ";"0";" ";"0";"0";"0";"0";"0";"0";"0";" ";" ";" ";"0";"0";" ";" ";" ";" ";" ";" ";" ";" "
"PRIH";" ";"C";"CO";" ";"0";"0";-1000000000;0;59940;"Prime en heures";"Prime en heures";"6767B4   FFFFFF";"OSDF";448;"H";"1";"0";" ";"2";"0";"0";"0";"1";"0";0;"0";"0";"0";"0";"0";04/12/2020;"PACKAGE";19/03/2025;"##########";01/01/1900;" ";" ";" ";" ";" ";"0";"0";"0";" ";"0";" ";"0";"0";"0";"0";"0";"0";"0";" ";" ";" ";"0";"0";" ";" ";" ";" ";" ";" ";" ";" "
"XCHS";" ";"C";"CO";" ";"0";"0";-1000000000;-59940;59940;"Maj cumul HS payées";"Maj cumul HS payées";"6767B4   FFFFFF";"OSDF";448;"H";"1";"0";" ";"2";"0";"0";"0";"1";"0";0;"0";"0";"0";"0";"0";04/12/2020;"PACKAGE";19/03/2025;"##########";01/01/1900;" ";" ";" ";" ";" ";"0";"0";"0";" ";"0";"0";"0";"0";"0";"0";"0";"0";"0";" ";" ";" ";"0";"0";" ";" ";" ";" ";" ";" ";" ";" "
"XCDEDS";" ";"C";"CO";" ";"0";"0";-1000000000;-3000;3000;"Maj consommation délégation DS";"Maj conso délé. DS";"6767B4   FFFFFF";"OSDF";448;"H";"1";"0";" ";"2";"0";"0";"0";"1";"0";0;"0";" ";"0";" ";"0";04/12/2020;"PACKAGE";01/01/1900;" ";01/01/1900;" ";" ";" ";" ";" ";"0";"0";"0";" ";"0";" ";"0";"0";"0";"0";"0";"0";"0";" ";" ";" ";"0";"0";" ";" ";" ";" ";" ";" ";" ";" "
"XCOP";" ";"C";"CO";" ";"0";"0";-1000000000;-59940;59940;"Maj heures complémentaires payées";"Maj h.compl payées";"6767B4   FFFFFF";"OSDF";448;"H";"1";"0";" ";"2";"0";"0";"0";"1";"0";0;"0";"0";"0";"0";"0";04/12/2020;"PACKAGE";19/03/2025;"##########";01/01/1900;" ";" ";" ";" ";" ";"0";"0";"0";" ";"0";"0";"0";"0";"0";"0";"0";"0";"0";" ";" ";" ";"0";"0";" ";" ";" ";" ";" ";" ";" ";" "
"XCOP2";" ";"C";"CO";" ";"0";"0";-1000000000;-59940;59940;"Maj heures complémentaires payées 2";"Maj h.compl payées 2";"6767B4   FFFFFF";"OSDF";448;"H";"1";"0";" ";"2";"0";"0";"0";"1";"0";0;"0";"0";"0";"0";"0";04/12/2020;"PACKAGE";19/03/2025;"##########";01/01/1900;" ";" ";" ";" ";" ";"0";"0";"0";" ";"0";" ";"0";"0";"0";"0";"0";"0";"0";" ";" ";" ";"0";"0";" ";" ";" ";" ";" ";" ";" ";" "
"XCOR";" ";"C";"CO";" ";"0";"0";-1000000000;-59940;59940;"Maj heures complémentaires récupérables";"Maj h.compl récup";"6767B4   FFFFFF";"OSDF";448;"H";"1";"0";" ";"2";"0";"0";"0";"1";"0";0;"0";"0";"0";"0";"0";04/12/2020;"PACKAGE";19/03/2025;"##########";01/01/1900;" ";" ";" ";" ";" ";"0";"0";"0";" ";"0";"0";"0";"0";"0";"0";"0";"0";"0";" ";" ";" ";"0";"0";" ";" ";" ";" ";" ";" ";" ";" "
"XCOR2";" ";"C";"CO";" ";"0";"0";-1000000000;-59940;59940;"Maj heures complémentaires récup. 2";"Maj h.compl récup 2";"6767B4   FFFFFF";"OSDF";448;"H";"1";"0";" ";"2";"0";"0";"0";"1";"0";0;"0";"0";"0";"0";"0";04/12/2020;"PACKAGE";19/03/2025;"##########";01/01/1900;" ";" ";" ";" ";" ";"0";"0";"0";" ";"0";" ";"0";"0";"0";"0";"0";"0";"0";" ";" ";" ";"0";"0";" ";" ";" ";" ";" ";" ";" ";" "
"XCRE";" ";"C";"CO";" ";"0";"0";-1000000000;-59940;59940;"Maj crédit/débit";"Maj crédit/débit";"6767B4   FFFFFF";"OSDF";448;"H";"1";"0";" ";"2";"0";"0";"0";"1";"0";0;"0";"0";"0";"0";"0";04/12/2020;"PACKAGE";19/03/2025;"##########";01/01/1900;" ";" ";" ";" ";" ";"0";"0";"0";" ";"0";"0";"0";"0";"0";"0";"0";"0";"0";" ";" ";" ";"0";"0";" ";" ";" ";" ";" ";" ";" ";" "
"XCRH";" ";"C";"CO";" ";"0";"0";-1000000000;0;59940;"Maj consommation RTT en heures";"Maj conso RTT en H.";"6767B4   FFFFFF";"OSDF";448;"H";"1";"0";" ";"2";"0";"0";"0";"1";"0";0;"0";"0";"0";"0";"0";04/12/2020;"PACKAGE";19/03/2025;"##########";01/01/1900;" ";" ";" ";" ";" ";"0";"0";"0";" ";"0";"0";"0";"0";"0";"0";"0";"0";"0";" ";" ";" ";"0";"0";" ";" ";" ";" ";" ";" ";" ";" "
"YCSE03";" ";"C";"CO";" ";"0";"0";-1000000000;0;59940;"Don CSE";"Don CSE";"6767B4   FFFFFF";"OSDF";448;"H";"1";"0";" ";"2";"0";"0";"0";"1";"0";0;"0";"0";"0";"0";"0";04/12/2020;"PACKAGE";19/03/2025;"##########";23/07/2025;" ";"333333";" ";" ";" ";"0";"0";"0";" ";"0";" ";"0";"0";"0";"0";"0";"0";"0";" ";" ";" ";"0";"0";" ";" ";" ";" ";" ";" ";" ";" "
"YCSE02";" ";"C";"CO";" ";"0";"0";-1000000000;0;59940;"Don CSE";"Don CSE";"6767B4   FFFFFF";"OSDF";448;"H";"1";"0";" ";"2";"0";"0";"0";"1";"0";0;"0";"0";"0";"0";"0";04/12/2020;"PACKAGE";19/03/2025;"##########";23/07/2025;" ";"222222";" ";" ";" ";"0";"0";"0";" ";"0";" ";"0";"0";"0";"0";"0";"0";"0";" ";" ";" ";"0";"0";" ";" ";" ";" ";" ";" ";" ";" "
"XDIM";" ";"C";"CO";" ";"0";"0";-1000000000;-59940;59940;"Maj heures de dimanches payées";"Maj h.dimanches";"6767B4   FFFFFF";"OSDF";448;"H";"1";"0";" ";"2";"0";"0";"0";"1";"0";0;"0";"0";"0";"0";"0";04/12/2020;"PACKAGE";19/03/2025;"##########";01/01/1900;" ";" ";" ";" ";" ";"0";"0";"0";" ";"0";"0";"0";"0";"0";"0";"0";"0";"0";" ";" ";" ";"0";"0";" ";" ";" ";" ";" ";" ";" ";" "
"XJOU";" ";"C";"CO";" ";"0";"0";-1000000000;-1440;1440;"Maj heures totales jour";"Maj h.totales jour";"6767B4   FFFFFF";"OSDF";448;"H";"1";"0";" ";"2";"0";"0";"0";"1";"0";0;"0";"0";"0";"0";"0";04/12/2020;"PACKAGE";19/03/2025;"##########";01/01/1900;" ";" ";" ";" ";" ";"0";"0";"0";" ";"0";"0";"0";"0";"0";"0";"0";"0";"0";" ";" ";" ";"0";"0";" ";" ";" ";" ";" ";" ";" ";" "
"XEFA";" ";"C";"CO";" ";"0";"0";-1000000000;-59940;1000000000;"Maj heures effectives annuelles";"Maj h.effect. ann.";"6767B4   FFFFFF";"OSDF";448;"H";"1";"0";" ";"2";"0";"0";"0";"1";"0";0;"0";"0";"0";"0";"0";04/12/2020;"PACKAGE";19/03/2025;"##########";16/03/2023;" ";" ";" ";" ";" ";"0";"0";"0";" ";"0";"0";"0";"0";"0";"0";"0";"0";"0";" ";" ";" ";"0";"0";" ";" ";" ";" ";" ";" ";" ";" "
"XEFF";" ";"C";"CO";" ";"0";"0";-1000000000;-1440;1440;"Maj heures effectives jour";"Maj h.effectiv jour";"6767B4   FFFFFF";"OSDF";448;"H";"1";"0";" ";"2";"0";"0";"0";"1";"0";0;"0";"0";"0";"0";"0";04/12/2020;"PACKAGE";19/03/2025;"##########";01/01/1900;" ";" ";" ";" ";" ";"0";"0";"0";" ";"0";"0";"0";"0";"0";"0";"0";"0";"0";" ";" ";" ";"0";"0";" ";" ";" ";" ";" ";" ";" ";" "
"XFER";" ";"C";"CO";" ";"0";"0";-1000000000;-59940;59940;"Maj heures fériées payées";"Maj h.fériées";"6767B4   FFFFFF";"OSDF";448;"H";"1";"0";" ";"2";"0";"0";"0";"1";"0";0;"0";"0";"0";"0";"0";04/12/2020;"PACKAGE";19/03/2025;"##########";01/01/1900;" ";" ";" ";" ";" ";"0";"0";"0";" ";"0";"0";"0";"0";"0";"0";"0";"0";"0";" ";" ";" ";"0";"0";" ";" ";" ";" ";" ";" ";" ";" "
"XHPA";" ";"C";"CO";" ";"0";"0";-1000000000;-1440;1440;"Maj heures payées journalières";"Maj hrs payées jour";"6767B4   FFFFFF";"OSDF";448;"H";"1";"0";" ";"2";"0";"0";"0";"1";"0";0;"0";"0";"0";"0";"0";04/12/2020;"PACKAGE";19/03/2025;"##########";01/01/1900;" ";" ";" ";" ";" ";"0";"0";"0";" ";"0";" ";"0";"0";"0";"0";"0";"0";"0";" ";" ";" ";"0";"0";" ";" ";" ";" ";" ";" ";" ";" "
"XHS25A";" ";"C";"CO";" ";"0";"0";-1000000000;0;59940;"Maj HS25% annuelles";"Maj HS25% annuelles";"6767B4   FFFFFF";"OSDF";448;"H";"1";"0";" ";"2";"0";"0";"0";"1";"0";0;"0";"0";"0";"0";"0";04/12/2020;"PACKAGE";19/03/2025;"##########";01/01/1900;" ";" ";" ";" ";" ";"0";"0";"0";" ";"0";"0";"0";"0";"0";"0";"0";"0";"0";" ";" ";" ";"0";"0";" ";" ";" ";" ";" ";" ";" ";" "
"XRHA";" ";"C";"CO";" ";"0";"0";-1000000000;-59940;59940;"Maj total HS récupérées annuelles";"Maj HS recup annuel";"6767B4   FFFFFF";"OSDF";448;"H";"1";"0";" ";"2";"0";"0";"0";"1";"0";0;"0";"0";"0";"0";"0";04/12/2020;"PACKAGE";19/03/2025;"##########";01/01/1900;" ";" ";" ";" ";" ";"0";"0";"0";" ";"0";"0";"0";"0";"0";"0";"0";"0";"0";" ";" ";" ";"0";"0";" ";" ";" ";" ";" ";" ";" ";" "
"XRHS";" ";"C";"CO";" ";"0";"0";-1000000000;-59940;59940;"Maj solde HS récupérables";"Maj solde HS récup";"6767B4   FFFFFF";"OSDF";448;"H";"1";"0";" ";"2";"0";"0";"0";"1";"0";0;"0";"0";"0";"0";"0";04/12/2020;"PACKAGE";19/03/2025;"##########";01/01/1900;" ";" ";" ";" ";" ";"0";"0";"0";" ";"0";"0";"0";"0";"0";"0";"0";"0";"0";" ";" ";" ";"0";"0";" ";" ";" ";" ";" ";" ";" ";" "
"XRTT";" ";"C";"CO";" ";"0";"0";-1000000000;-3000;3000;"Maj acquis RTT en heures";"Maj acquis RTT (H)";"6767B4   FFFFFF";"OSDF";448;"H";"1";"0";" ";"2";"0";"0";"0";"1";"0";0;"0";"0";"0";"0";"0";04/12/2020;"PACKAGE";19/03/2025;"##########";01/01/1900;" ";" ";" ";" ";" ";"0";"0";"0";" ";"0";"0";"0";"0";"0";"0";"0";"0";"0";" ";" ";" ";"0";"0";" ";" ";" ";" ";" ";" ";" ";" "
"XSAM";" ";"C";"CO";" ";"0";"0";-1000000000;0;59940;"Maj heures samedi";"Maj heures samedi";"6767B4   FFFFFF";"OSDF";448;"H";"1";"0";" ";"2";"0";"0";"0";"1";"0";0;"0";"0";"0";"0";"0";04/12/2020;"PACKAGE";19/03/2025;"##########";01/01/1900;" ";" ";" ";" ";" ";"0";"0";"0";" ";"0";"0";"0";"0";"0";"0";"0";"0";"0";" ";" ";" ";"0";"0";" ";" ";" ";" ";" ";" ";" ";" "
"XSRC";" ";"C";"CO";" ";"0";"0";-1000000000;-59940;59940;"Maj solde COR";"Maj solde COR";"6767B4   FFFFFF";"OSDF";448;"H";"1";"0";" ";"2";"0";"0";"0";"1";"0";0;"0";"0";"0";"0";"0";04/12/2020;"PACKAGE";19/03/2025;"##########";01/01/1900;" ";" ";" ";" ";" ";"0";"0";"0";" ";"0";"0";"0";"0";"0";"0";"0";"0";"0";" ";" ";" ";"0";"0";" ";" ";" ";" ";" ";" ";" ";" "
"XTCSE";" ";"C";"CO";" ";"0";"0";-1000000000;-59940;59940;"Maj Transfert CSE";"Maj Trf CSE";"6767B4   FFFFFF";"OSDF";448;"H";"1";"0";" ";"2";"0";"0";"0";"1";"0";0;"0";"0";"0";"0";"0";04/12/2020;"PACKAGE";19/03/2025;"##########";01/01/1900;" ";" ";" ";" ";" ";"0";"0";"0";" ";"0";" ";"0";"0";"0";"0";"0";"0";"0";" ";" ";" ";"0";"0";" ";" ";" ";" ";" ";" ";" ";" "
"XTHS";" ";"C";"CO";" ";"0";"0";-1000000000;-59940;59940;"Maj total HS (payées + récupérées)";"Maj total HS";"6767B4   FFFFFF";"OSDF";448;"H";"1";"0";" ";"2";"0";"0";"0";"1";"0";0;"0";"0";"0";"0";"0";04/12/2020;"PACKAGE";19/03/2025;"##########";01/01/1900;" ";" ";" ";" ";" ";"0";"0";"0";" ";"0";"0";"0";"0";"0";"0";"0";"0";"0";" ";" ";" ";"0";"0";" ";" ";" ";" ";" ";" ";" ";" "
"XRCNUIT";" ";"C";"CO";" ";"0";"0";-1000000000;-59940;59940;"Maj RC nuit";"Maj RC nuit";"6767B4   FFFFFF";"OSDF";448;"H";"1";"0";" ";"2";"0";"0";"0";"1";"0";0;" ";" ";"0";" ";"0";04/12/2020;"PACKAGE";01/01/1900;" ";01/01/1900;" ";" ";" ";" ";" ";"0";"0";"0";" ";"0";" ";"0";"0";"0";"0";"0";"0";"0";" ";" ";" ";"0";"0";" ";" ";" ";" ";" ";" ";" ";" "
"XRCRQ";" ";"C";"CO";" ";"0";"0";-1000000000;-59940;59940;"Maj RC repos quotidien réduit";"Maj RC repos quot.";"6767B4   FFFFFF";"OSDF";448;"H";"1";"0";" ";"2";"0";"0";"0";"1";"0";0;"0";"0";"0";"0";"0";03/04/2023;"111111";01/01/1900;" ";31/05/2023;" ";" ";" ";" ";" ";"0";"0";"0";" ";"0";" ";"0";"0";"0";"0";"0";"0";"0";" ";" ";" ";"0";"0";" ";" ";" ";" ";" ";" ";" ";" "
"YHSREC";" ";"C";"CO";" ";"0";"0";-1000000000;0;59940;"Transfert HS payées vers HS récup";"Transfert HS à récup";"6767B4   FFFFFF";"OSDF";448;"H";"1";"0";" ";"2";"0";"0";"0";"1";"0";0;"0";"0";"0";"0";"0";05/04/2023;"111111";28/04/2025;"222222";05/04/2023;" ";" ";" ";" ";" ";"0";"0";"0";" ";"0";" ";"0";"0";"0";"0";"0";"0";"0";" ";" ";" ";"0";"0";" ";" ";" ";" ";" ";" ";" ";" "
"YHSPAY";" ";"C";"CO";" ";"0";"0";-1000000000;0;59940;"Transfert HS récup vers HS payées";"Transfert HS à payer";"6767B4   FFFFFF";"OSDF";448;"H";"1";"0";" ";"2";"0";"0";"0";"1";"0";0;"0";"0";"0";"0";"0";05/04/2023;"111111";28/04/2025;"222222";05/04/2023;" ";" ";" ";" ";" ";"0";"0";"0";" ";"0";" ";"0";"0";"0";"0";"0";"0";"0";" ";" ";" ";"0";"0";" ";" ";" ";" ";" ";" ";" ";" "
"YRCRQP";" ";"C";"CO";" ";"0";"0";-1000000000;-59940;59940;"Indem. repos quotidien";"Indem. repos quoti.";"6767B4   FFFFFF";"OSDF";448;"H";"1";"0";" ";"2";"0";"0";"0";"1";"0";0;"0";"0";"0";"0";"0";03/04/2023;"222222";19/03/2025;"##########";31/05/2023;" ";" ";" ";" ";" ";"0";"0";"0";" ";"0";" ";"0";"0";"0";"0";"0";"0";"0";" ";" ";" ";"0";"0";" ";" ";" ";" ";" ";" ";" ";" "
"ZCOP2";" ";"C";"CO";" ";"0";"0";-1000000000;0;59940;"Init heures complémentaires payées 2";"Init h.compl payées2";"6767B4   FFFFFF";"OSDF";448;"H";"1";"0";" ";"2";"0";"0";"0";"1";"0";0;"0";"0";"0";"0";"0";04/12/2020;"PACKAGE";19/03/2025;"##########";01/01/1900;" ";" ";" ";" ";" ";"0";"0";"0";" ";"0";" ";"0";"0";"0";"0";"0";"0";"0";" ";" ";" ";"0";"0";" ";" ";" ";" ";" ";" ";" ";" "
"ZCOR";" ";"C";"CO";" ";"0";"0";-1000000000;0;59940;"Init heures complémentaires récupérées";"Init h.complément. r";"6767B4   FFFFFF";"OSDF";448;"H";"1";"0";" ";"2";"0";"0";"0";"1";"0";0;"0";"0";"0";"0";"0";04/12/2020;"PACKAGE";19/03/2025;"##########";01/01/1900;" ";" ";" ";" ";" ";"0";"0";"0";" ";"0";"0";"0";"0";"0";"0";"0";"0";"0";" ";" ";" ";"0";"0";" ";" ";" ";" ";" ";" ";" ";" "
"ZCOR2";" ";"C";"CO";" ";"0";"0";-1000000000;0;59940;"Init heures complémentaires récupérées 2";"Init h.compl récup 2";"6767B4   FFFFFF";"OSDF";448;"H";"1";"0";" ";"2";"0";"0";"0";"1";"0";0;"0";"0";"0";"0";"0";04/12/2020;"PACKAGE";19/03/2025;"##########";01/01/1900;" ";" ";" ";" ";" ";"0";"0";"0";" ";"0";" ";"0";"0";"0";"0";"0";"0";"0";" ";" ";" ";"0";"0";" ";" ";" ";" ";" ";" ";" ";" "
"ZCRE";" ";"C";"CO";" ";"0";"0";-1000000000;-59940;59940;"Init crédit/débit";"Init. crédit/débit";"6767B4   FFFFFF";"OSDF";448;"H";"1";"0";" ";"2";"0";"0";"0";"1";"0";0;"0";"0";"0";"0";"0";04/12/2020;"PACKAGE";19/03/2025;"##########";31/05/2023;" ";" ";" ";" ";" ";"0";"0";"0";" ";"0";"0";"0";"0";"0";"0";"0";"0";"0";" ";" ";" ";"0";"0";" ";" ";" ";" ";" ";" ";" ";" "
"ZEFA";" ";"C";"CO";" ";"0";"0";-1000000000;0;599940;"Init heures effectives annuelles";"Init h.effect. ann.";"6767B4   FFFFFF";"OSDF";448;"H";"1";"0";" ";"2";"0";"0";"0";"1";"0";0;"0";"0";"0";"0";"0";04/12/2020;"PACKAGE";19/03/2025;"##########";26/05/2023;" ";" ";" ";" ";" ";"0";"0";"0";" ";"0";"0";"0";"0";"0";"0";"0";"0";"0";" ";" ";" ";"0";"0";" ";" ";" ";" ";" ";" ";" ";" "
"ZNUI";" ";"C";"CO";" ";"0";"0";-1000000000;0;599940;"Init. heures de nuits payées";"Init h.nuit payées";"6767B4   FFFFFF";"OSDF";448;"H";"1";"0";" ";"2";"0";"0";"0";"1";"0";0;"0";"0";"0";"0";"0";04/12/2020;"PACKAGE";19/03/2025;"##########";01/01/1900;" ";" ";" ";" ";" ";"0";"0";"0";" ";"0";"0";"0";"0";"0";"0";"0";"0";"0";" ";" ";" ";"0";"0";" ";" ";" ";" ";" ";" ";" ";" "
"ZPAY";" ";"C";"CO";" ";"0";"0";-1000000000;0;59940;"Init heures payées périodiques";"Init hrs payées pér.";"6767B4   FFFFFF";"OSDF";448;"H";"1";"0";" ";"2";"0";"0";"0";"1";"0";0;"0";"0";"0";"0";"0";04/12/2020;"PACKAGE";19/03/2025;"##########";01/01/1900;" ";" ";" ";" ";" ";"0";"0";"0";" ";"0";" ";"0";"0";"0";"0";"0";"0";"0";" ";" ";" ";"0";"0";" ";" ";" ";" ";" ";" ";" ";" "
"ZPCSE";" ";"C";"CO";" ";"0";"0";-1000000000;-59940;59940;"Init. Pris CSE";"Init. Pris CSE";"6767B4   FFFFFF";"OSDF";448;"H";"1";"0";" ";"2";"0";"0";"0";"1";"0";0;"0";"0";"0";"0";"0";04/12/2020;"PACKAGE";19/03/2025;"##########";01/01/1900;" ";" ";" ";" ";" ";"0";"0";"0";" ";"0";" ";"0";"0";"0";"0";"0";"0";"0";" ";" ";" ";"0";"0";" ";" ";" ";" ";" ";" ";" ";" "
"ZPLAPM";" ";"C";"CO";" ";"0";"0";-1000000000;0;59940;"Init durée des plages après-midi";"Init durée plg apm";"6767B4   FFFFFF";"OSDF";448;"H";"1";"0";" ";"2";"0";"0";"0";"1";"0";0;"0";"0";"0";"0";"0";04/12/2020;"PACKAGE";19/03/2025;"##########";01/01/1900;" ";" ";" ";" ";" ";"0";"0";"0";" ";"0";" ";"0";"0";"0";"0";"0";"0";"0";" ";" ";" ";"0";"0";" ";" ";" ";" ";" ";" ";" ";" "
"ZPLMAT";" ";"C";"CO";" ";"0";"0";-1000000000;0;59940;"Initialisation durée des plages matin";"Init durée plg matin";"6767B4   FFFFFF";"OSDF";448;"H";"1";"0";" ";"2";"0";"0";"0";"1";"0";0;"0";"0";"0";"0";"0";04/12/2020;"PACKAGE";19/03/2025;"##########";01/01/1900;" ";" ";" ";" ";" ";"0";"0";"0";" ";"0";" ";"0";"0";"0";"0";"0";"0";"0";" ";" ";" ";"0";"0";" ";" ";" ";" ";" ";" ";" ";" "
"ZRAZCT";" ";"C";"CO";" ";"0";"0";-1000000000;0;0;"Raz des compteurs en début de contrat";"Raz compteurs début";"6767B4   FFFFFF";"OSDF";448;"H";"1";"0";" ";"2";"0";"0";"0";"1";"0";0;"0";"0";"0";"0";"0";04/12/2020;"PACKAGE";19/03/2025;"##########";01/01/1900;" ";" ";" ";" ";" ";"0";"0";"0";" ";"0";"0";"0";"0";"0";"0";"0";"0";"0";" ";" ";" ";"0";"0";" ";" ";" ";" ";" ";" ";" ";" "
"ZRHA";" ";"C";"CO";" ";"0";"0";-1000000000;0;59940;"Init total HS récupérées annuelles";"Init HS récup annuel";"6767B4   FFFFFF";"OSDF";448;"H";"1";"0";" ";"2";"0";"0";"0";"1";"0";0;"0";"0";"0";"0";"0";04/12/2020;"PACKAGE";19/03/2025;"##########";01/01/1900;" ";" ";" ";" ";" ";"0";"0";"0";" ";"0";"0";"0";"0";"0";"0";"0";"0";"0";" ";" ";" ";"0";"0";" ";" ";" ";" ";" ";" ";" ";" "
"ZRCNUIT";" ";"C";"CO";" ";"0";"0";-1000000000;0;59940;"Init RC nuit";"Init RC nuit";"6767B4   FFFFFF";"OSDF";448;"H";"1";"0";" ";"2";"0";"0";"0";"1";"0";0;" ";" ";"0";" ";"0";04/12/2020;"PACKAGE";01/01/1900;" ";01/01/1900;" ";" ";" ";" ";" ";"0";"0";"0";" ";"0";" ";"0";"0";"0";"0";"0";"0";"0";" ";" ";" ";"0";"0";" ";" ";" ";" ";" ";" ";" ";" "
"ZRCRQ";" ";"C";"CO";" ";"0";"0";-1000000000;0;59940;"Init RC repos quotidien réduit";"Init RC repos réduit";"6767B4   FFFFFF";"OSDF";448;"H";"1";"0";" ";"2";"0";"0";"0";"1";"0";0;"0";"0";"0";"0";"0";03/04/2023;"111111";01/01/1900;" ";11/05/2023;" ";" ";" ";" ";" ";"0";"0";"0";" ";"0";" ";"0";"0";"0";"0";"0";"0";"0";" ";" ";" ";"0";"0";" ";" ";" ";" ";" ";" ";" ";" "
"ZRHS";" ";"C";"CO";" ";"0";"0";-1000000000;0;59940;"Init solde HS recupérées";"Init solde HS récup";"6767B4   FFFFFF";"OSDF";448;"H";"1";"0";" ";"2";"0";"0";"0";"1";"0";0;"0";"0";"0";"0";"0";04/12/2020;"PACKAGE";19/03/2025;"##########";01/01/1900;" ";" ";" ";" ";" ";"0";"0";"0";" ";"0";"0";"0";"0";"0";"0";"0";"0";"0";" ";" ";" ";"0";"0";" ";" ";" ";" ";" ";" ";" ";" "
"ZRTT";" ";"C";"CO";" ";"0";"0";-1000000000;0;59940;"Init acquis RTT en heures";"Init acquis RTT (H)";"6767B4   FFFFFF";"OSDF";448;"H";"1";"0";" ";"2";"0";"0";"0";"1";"0";0;"0";"0";"0";"0";"0";04/12/2020;"PACKAGE";19/03/2025;"##########";01/01/1900;" ";" ";" ";" ";" ";"0";"0";"0";" ";"0";"0";"0";"0";"0";"0";"0";"0";"0";" ";" ";" ";"0";"0";" ";" ";" ";" ";" ";" ";" ";" "
"ZSAM";" ";"C";"CO";" ";"0";"0";-1000000000;0;59940;"Init heures samedi";"Init heures samedi";"6767B4   FFFFFF";"OSDF";448;"H";"1";"0";" ";"2";"0";"0";"0";"1";"0";0;"0";"0";"0";"0";"0";04/12/2020;"PACKAGE";19/03/2025;"##########";01/01/1900;" ";" ";" ";" ";" ";"0";"0";"0";" ";"0";"0";"0";"0";"0";"0";"0";"0";"0";" ";" ";" ";"0";"0";" ";" ";" ";" ";" ";" ";" ";" "
"ZSRC";" ";"C";"CO";" ";"0";"0";-1000000000;-59940;59940;"Init solde COR";"Init solde COR";"6767B4   FFFFFF";"OSDF";448;"H";"1";"0";" ";"2";"0";"0";"0";"1";"0";0;"0";"0";"0";"0";"0";04/12/2020;"PACKAGE";19/03/2025;"##########";01/01/1900;" ";" ";" ";" ";" ";"0";"0";"0";" ";"0";"0";"0";"0";"0";"0";"0";"0";"0";" ";" ";" ";"0";"0";" ";" ";" ";" ";" ";" ";" ";" "
"ZTCSE";" ";"C";"CO";" ";"0";"0";-1000000000;-59940;59940;"Init Transfert CSE";"Init Trf CSE";"6767B4   FFFFFF";"OSDF";448;"H";"1";"0";" ";"2";"0";"0";"0";"1";"0";0;"0";"0";"0";"0";"0";04/12/2020;"PACKAGE";19/03/2025;"##########";01/01/1900;" ";" ";" ";" ";" ";"0";"0";"0";" ";"0";" ";"0";"0";"0";"0";"0";"0";"0";" ";" ";" ";"0";"0";" ";" ";" ";" ";" ";" ";" ";" "
"ZTHJ";" ";"C";"CO";" ";"0";"0";-1000000000;0;59940;"Initialisation présence théorique jour";"Init théorique jour";"6767B4   FFFFFF";"OSDF";448;"H";"1";"0";" ";"2";"0";"0";"0";"1";"0";0;"0";"0";"0";"0";"0";04/12/2020;"PACKAGE";19/03/2025;"##########";01/01/1900;" ";" ";" ";" ";" ";"0";"0";"0";" ";"0";" ";"0";"0";"0";"0";"0";"0";"0";" ";" ";" ";"0";"0";" ";" ";" ";" ";" ";" ";" ";" "
"ZTHS";" ";"C";"CO";" ";"0";"0";-1000000000;0;59940;"Init total HS (payées + récupérées)";"Init total HS";"6767B4   FFFFFF";"OSDF";448;"H";"1";"0";" ";"2";"0";"0";"0";"1";"0";0;"0";"0";"0";"0";"0";04/12/2020;"PACKAGE";19/03/2025;"##########";01/01/1900;" ";" ";" ";" ";" ";"0";"0";"0";" ";"0";"0";"0";"0";"0";"0";"0";"0";"0";" ";" ";" ";"0";"0";" ";" ";" ";" ";" ";" ";" ";" "
"XNUI";" ";"C";"CO";" ";"0";"0";-1000000000;-59940;59940;"Maj heures de nuits payées";"Maj h.nuit payées";"6767B4   FFFFFF";"OSDF";448;"H";"1";"0";" ";"2";"0";"0";"0";"1";"0";0;"0";"0";"0";"0";"0";04/12/2020;"PACKAGE";19/03/2025;"##########";01/01/1900;" ";" ";" ";" ";" ";"0";"0";"0";" ";"0";"0";"0";"0";"0";"0";"0";"0";"0";" ";" ";" ";"0";"0";" ";" ";" ";" ";" ";" ";" ";" "
"XDCSE";" ";"C";"CO";" ";"0";"0";-1000000000;-59940;59940;"Maj Droit CSE";"Maj Droit CSE";"6767B4   FFFFFF";"OSDF";448;"H";"1";"0";" ";"2";"0";"0";"0";"1";"0";0;"0";"0";"0";"0";"0";04/12/2020;"PACKAGE";19/03/2025;"##########";13/03/2025;" ";" ";" ";" ";" ";"0";"0";"0";" ";"0";" ";"0";"0";"0";"0";"0";"0";"0";" ";" ";" ";"0";"0";" ";" ";" ";" ";" ";" ";" ";" "
"ZCRH";" ";"C";"CO";" ";"0";"0";-1000000000;0;59940;"Init. consommation RTT en heures";"Init conso RTT en H.";"6767B4   FFFFFF";"OSDF";448;"H";"1";"0";" ";"2";"0";"0";"0";"1";"0";0;"0";"0";"0";"0";"0";04/12/2020;"PACKAGE";19/03/2025;"##########";01/01/1900;" ";" ";" ";" ";" ";"0";"0";"0";" ";"0";"0";"0";"0";"0";"0";"0";"0";"0";" ";" ";" ";"0";"0";" ";" ";" ";" ";" ";" ";" ";" "
"Z25R";" ";"C";"CO";" ";"0";"0";-1000000000;0;59940;"Init HS 25% récupérées";"Init HS 25% récup.";"6767B4   FFFFFF";"OSDF";448;"H";"1";"0";" ";"2";"0";"0";"0";"1";"0";0;"0";"0";"0";"0";"0";04/12/2020;"PACKAGE";19/03/2025;"##########";01/01/1900;" ";" ";" ";" ";" ";"0";"0";"0";" ";"0";"0";"0";"0";"0";"0";"0";"0";"0";" ";" ";" ";"0";"0";" ";" ";" ";" ";" ";" ";" ";" "
"Z50P";" ";"C";"CO";" ";"0";"0";-1000000000;0;59940;"Init HS 50% payées";"Init HS 50%";"6767B4   FFFFFF";"OSDF";448;"H";"1";"0";" ";"2";"0";"0";"0";"1";"0";0;"0";"0";"0";"0";"0";04/12/2020;"PACKAGE";19/03/2025;"##########";01/01/1900;" ";" ";" ";" ";" ";"0";"0";"0";" ";"0";"0";"0";"0";"0";"0";"0";"0";"0";" ";" ";" ";"0";"0";" ";" ";" ";" ";" ";" ";" ";" "
"Z50R";" ";"C";"CO";" ";"0";"0";-1000000000;0;59940;"Init HS 50% récupérées";"Init HS 50% récup.";"6767B4   FFFFFF";"OSDF";448;"H";"1";"0";" ";"2";"0";"0";"0";"1";"0";0;"0";"0";"0";"0";"0";04/12/2020;"PACKAGE";19/03/2025;"##########";01/01/1900;" ";" ";" ";" ";" ";"0";"0";"0";" ";"0";"0";"0";"0";"0";"0";"0";"0";"0";" ";" ";" ";"0";"0";" ";" ";" ";" ";" ";" ";" ";" "
"YCSE01";" ";"C";"CO";" ";"0";"0";-1000000000;0;59940;"Don CSE";"Don CSE";"6767B4   FFFFFF";"OSDF";448;"H";"1";"0";" ";"2";"0";"0";"0";"1";"0";0;"0";"0";"0";"0";"0";04/12/2020;"PACKAGE";19/03/2025;"##########";23/07/2025;" ";"111111";" ";" ";" ";"0";"0";"0";" ";"0";" ";"0";"0";"0";"0";"0";"0";"0";" ";" ";" ";"0";"0";" ";" ";" ";" ";" ";" ";" ";" "
"Z25P";" ";"C";"CO";" ";"0";"0";-1000000000;0;59940;"Init HS 25% payées";"Init HS 25%";"6767B4   FFFFFF";"OSDF";448;"H";"1";"0";" ";"2";"0";"0";"0";"1";"0";0;"0";"0";"0";"0";"0";04/12/2020;"PACKAGE";19/03/2025;"##########";01/01/1900;" ";" ";" ";" ";" ";"0";"0";"0";" ";"0";"0";"0";"0";"0";"0";"0";"0";"0";" ";" ";" ";"0";"0";" ";" ";" ";" ";" ";" ";" ";" "
"ZCHS";" ";"C";"CO";" ";"0";"0";-1000000000;0;59940;"Init cumul HS payées";"Init cumul HS payées";"6767B4   FFFFFF";"OSDF";448;"H";"1";"0";" ";"2";"0";"0";"0";"1";"0";0;"0";"0";"0";"0";"0";04/12/2020;"PACKAGE";19/03/2025;"##########";01/06/2023;" ";" ";" ";" ";" ";"0";"0";"0";" ";"0";"0";"0";"0";"0";"0";"0";"0";"0";" ";" ";" ";"0";"0";" ";" ";" ";" ";" ";" ";" ";" "
"ZCON";" ";"C";"CO";" ";"0";"0";-1000000000;0;108000;"Init contrat annuel";"Init contrat annuel";"6767B4   FFFFFF";"OSDF";448;"H";"1";"0";" ";"2";"0";"0";"0";"1";"0";0;"0";"0";"0";"0";"0";04/12/2020;"PACKAGE";19/03/2025;"##########";26/05/2023;" ";" ";" ";" ";" ";"0";"0";"0";" ";"0";"0";"0";"0";"0";"0";"0";"0";"0";" ";" ";" ";"0";"0";" ";" ";" ";" ";" ";" ";" ";" "
"ZCOP";" ";"C";"CO";" ";"0";"0";-1000000000;0;59940;"Init heures complémentaires payées";"Init h.complément. p";"6767B4   FFFFFF";"OSDF";448;"H";"1";"0";" ";"2";"0";"0";"0";"1";"0";0;"0";"0";"0";"0";"0";04/12/2020;"PACKAGE";19/03/2025;"##########";01/01/1900;" ";" ";" ";" ";" ";"0";"0";"0";" ";"0";"0";"0";"0";"0";"0";"0";"0";"0";" ";" ";" ";"0";"0";" ";" ";" ";" ";" ";" ";" ";" "
"ZCDEDS";" ";"C";"CO";" ";"0";"0";-1000000000;-3000;3000;"Initialisation conso. délégation DS";"Init  conso dél. DS";"6767B4   FFFFFF";"OSDF";448;"H";"1";"0";" ";"2";"0";"0";"0";"1";"0";0;"0";" ";"0";" ";"0";04/12/2020;"PACKAGE";01/01/1900;" ";01/01/1900;" ";" ";" ";" ";" ";"0";"0";"0";" ";"0";" ";"0";"0";"0";"0";"0";"0";"0";" ";" ";" ";"0";"0";" ";" ";" ";" ";" ";" ";" ";" "
"ZCPDON";" ";"C";"CO";" ";"0";"0";-1000000000;0;5000;"Init don CP";"Init don CP";"6767B4   FFFFFF";"OSDF";448;"    N";"1";"0";" ";"2";"0";"0";"0";"1";"0";0;" ";" ";"0";" ";"0";04/12/2020;"PACKAGE";01/01/1900;" ";01/01/1900;" ";" ";" ";" ";" ";"0";"0";"0";" ";"0";" ";"0";"0";"0";"0";"0";"0";"0";" ";" ";" ";"0";"0";" ";" ";" ";" ";" ";" ";" ";" "
"XTTMENS";" ";"C";"CO";" ";"0";"0";-1000000000;0;99900;"Maj télétravail mensuel";"Maj Télétrav. Mens";"6767B4   FFFFFF";"OSDF";448;"    N";"1";"0";" ";"2";"0";"0";"0";"1";"0";0;"0";"0";"0";"0";"0";08/04/2025;"111111";01/01/1900;" ";01/01/1900;" ";" ";" ";" ";" ";"0";"0";"0";" ";"0";"0";"0";"0";"0";"0";"0";"0";"0";" ";" ";" ";"0";"0";" ";" ";" ";" ";" ";" ";" ";" "
"ZTTHEB";" ";"C";"CO";" ";"0";"0";-1000000000;0;99900;"Init télétravail hebdomadaire";"Init Télétrav. Heb";"6767B4   FFFFFF";"OSDF";448;"    N";"1";"0";" ";"2";"0";"0";"0";"1";"0";0;"0";"0";"0";"0";"0";08/04/2025;"111111";01/01/1900;" ";01/01/1900;" ";" ";" ";" ";" ";"0";"0";"0";" ";"0";"0";"0";"0";"0";"0";"0";"0";"0";" ";" ";" ";"0";"0";" ";" ";" ";" ";" ";" ";" ";" "
"ZTTMENS";" ";"C";"CO";" ";"0";"0";-1000000000;0;99900;"Init télétravail mensuel";"Init Télétrav. mens";"6767B4   FFFFFF";"OSDF";448;"    N";"1";"0";" ";"2";"0";"0";"0";"1";"0";0;"0";"0";"0";"0";"0";08/04/2025;"111111";01/01/1900;" ";01/01/1900;" ";" ";" ";" ";" ";"0";"0";"0";" ";"0";"0";"0";"0";"0";"0";"0";"0";"0";" ";" ";" ";"0";"0";" ";" ";" ";" ";" ";" ";" ";" "
"YCPDON";" ";"C";"CO";" ";"0";"0";-1000000000;50;5000;"Transfert de CP en don absences";"Trans. CP/Don abs.";"6767B4   FFFFFF";"OSDF";448;"    N";"1";"0";" ";"2";"0";"0";"0";"1";"0";0;" ";" ";"0";" ";"0";04/12/2020;"PACKAGE";01/01/1900;" ";23/07/2025;" ";" ";" ";" ";" ";"0";"0";"0";" ";"0";" ";"0";"0";"0";"0";"0";"0";"0";" ";" ";" ";"0";"0";" ";" ";" ";" ";" ";" ";" ";" "
"TELETRAV";"F";"C";"TT";" ";"1";"1";-1000000000;0;1000000000;"Déclaration de télétravail (lieu)";"Télétravail";"FFFFFF   FF0077";"O";448;" MAJ";"1";"0";" ";"2";"0";"0";"0";"1";"0";0;"0";"0";"0";"0";"0";04/12/2020;"PACKAGE";20/03/2025;"##########";23/07/2025;" ";" ";" ";" ";" ";"0";"0";"0";" ";"0";" ";"0";"0";"0";"0";"0";"0";"0";" ";" ";" ";"0";"0";" ";" ";" ";" ";" ";" ";" ";" "
"XJEAAFJ";" ";"C";"CO";" ";"0";"0";-1000000000;-1000000000;1000000000;"Màj nJ travail effec. annuel assimilé FJ";"Màj nbJ trav eff aFJ";"6767B4   FFFFFF";"OSDF";448;"    N";"1";"0";" ";"2";"0";"0";"0";"1";"0";0;"0";"0";"0";"0";"0";13/02/2025;"111111";01/01/1900;" ";01/01/1900;" ";" ";" ";" ";" ";"0";"0";"0";" ";"0";"0";"0";"0";"0";"0";"0";"0";"0";" ";" ";" ";"0";"0";" ";" ";" ";" ";" ";" ";" ";" "
"YCETDON";" ";"C";"CO";" ";"0";"0";-1000000000;50;5000;"Transfert de CET en don absences";"Trans. CET/Don abs.";"6767B4   FFFFFF";"OSDF";448;"    N";"1";"0";" ";"2";"0";"0";"0";"1";"0";0;" ";" ";"0";" ";"0";04/12/2020;"PACKAGE";01/01/1900;" ";23/07/2025;" ";" ";" ";" ";" ";"0";"0";"0";" ";"0";" ";"0";"0";"0";"0";"0";"0";"0";" ";" ";" ";"0";"0";" ";" ";" ";" ";" ";" ";" ";" "
"YRTTDON";" ";"C";"CO";" ";"0";"0";-1000000000;50;5000;"Transfert de RTT en don absences";"Trans. RTT/Don abs.";"6767B4   FFFFFF";"OSDF";448;"    N";"1";"0";" ";"2";"0";"0";"0";"1";"0";0;" ";" ";"0";" ";"0";04/12/2020;"PACKAGE";01/01/1900;" ";23/07/2025;" ";" ";" ";" ";" ";"0";"0";"0";" ";"0";" ";"0";"0";"0";"0";"0";"0";"0";" ";" ";" ";"0";"0";" ";" ";" ";" ";" ";" ";" ";" "
"FERIET";"F";"C";"FE";" ";"0";"1";-1000000000;0;1440;"Férié travaillé";"Férié travaillé";"FFFFFF   C08000";"OSDF";448;"   J";"1";"0";" ";"2";"0";"0";"0";"1";"0";0;"0";"0";"0";"0";"1";12/02/2025;"111111";21/03/2025;"111111";22/04/2025;" ";" ";" ";" ";" ";"0";"0";"0";" ";"0";"1";"1";"0";"0";"0";"0";"0";"0";" ";" ";" ";"1";"0";" ";" ";" ";" ";" ";" ";" ";" "
"XRHCET";" ";"C";"CO";" ";"0";"0";-1000000000;-5000;5000;"Maj CET (par du RTT en heures)";"maj CET (RTT en hrs)";"6767B4   FFFFFF";"OSDF";448;"    N";"1";"0";" ";"2";"0";"0";" ";"1";" ";0;" ";" ";"0";" ";"0";04/12/2020;"PACKAGE";01/01/1900;" ";28/04/2025;" ";" ";" ";" ";" ";"0";"0";"0";" ";"0";"0";"0";"0";"0";"0";"0";"0";"0";" ";" ";" ";"0";"0";" ";" ";" ";" ";" ";" ";" ";" "
"XJFRCPM1";" ";"C";"CO";" ";"0";"0";-1000000000;-5000;5000;"MAJ Date fin report CP -1an";"MAJ date rep CP -1a";"6767B4   FFFFFF";"OSDF";448;"    N";"1";"0";" ";"2";"0";"0";"0";"1";"0";0;"0";"0";"0";"0";"0";13/02/2025;"111111";01/01/1900;" ";01/01/1900;" ";" ";" ";" ";" ";"0";"0";"0";" ";"0";"0";"0";"0";"0";"0";"0";"0";"0";" ";" ";" ";"0";"0";" ";" ";" ";" ";" ";" ";" ";" "
"XJFRCPP1";" ";"C";"CO";" ";"0";"0";-1000000000;-3000;3000;"MAJ Date fin report CP +1an";"MAJ date rep CP +1a";"6767B4   FFFFFF";"OSDF";448;"   J";"1";"0";" ";"2";"0";"0";"0";"1";"0";0;"0";"0";"0";"0";"0";13/02/2025;"111111";01/01/1900;" ";01/01/1900;" ";" ";" ";" ";" ";"0";"0";"0";" ";"0";"0";"0";"0";"0";"0";"0";"0";"0";" ";" ";" ";"0";"0";" ";" ";" ";" ";" ";" ";" ";" "
"XJFRRCPM1";" ";"C";"CO";" ";"0";"0";-1000000000;-3000;3000;"MAJ Date fin report reliquat 1 CP -1an";"MAJ date rep RCP -1a";"6767B4   FFFFFF";"OSDF";448;"   J";"1";"0";" ";"2";"0";"0";"0";"1";"0";0;"0";"0";"0";"0";"0";13/02/2025;"111111";01/01/1900;" ";01/01/1900;" ";" ";" ";" ";" ";"0";"0";"0";" ";"0";"0";"0";"0";"0";"0";"0";"0";"0";" ";" ";" ";"0";"0";" ";" ";" ";" ";" ";" ";" ";" "
"XJFRRCPP1";" ";"C";"CO";" ";"0";"0";-1000000000;-3000;3000;"MAJ Date fin report reliquat CP +1an";"MAJ date rep RCP +1a";"6767B4   FFFFFF";"OSDF";448;"   J";"1";"0";" ";"2";"0";"0";"0";"1";"0";0;"0";"0";"0";"0";"0";13/02/2025;"111111";01/01/1900;" ";01/01/1900;" ";" ";" ";" ";" ";"0";"0";"0";" ";"0";"0";"0";"0";"0";"0";"0";"0";"0";" ";" ";" ";"0";"0";" ";" ";" ";" ";" ";" ";" ";" "
"CER";" ";"C";"CO";" ";"0";"0";-1000000000;0;99900;"Paiement CET";"Paiement CET";"6767B4   FFFFFF";"OSDF";448;"    N";"1";"0";" ";"2";"0";"0";" ";"1";" ";0;" ";" ";"0";" ";"0";04/12/2020;"PACKAGE";01/01/1900;" ";16/03/2023;" ";" ";" ";" ";" ";"0";"0";"0";" ";"0";"0";"0";"0";"0";"0";"0";"0";"0";" ";" ";" ";"0";"0";" ";" ";" ";" ";" ";" ";" ";" "
"XJTEAFJ";" ";"C";"CO";" ";"0";"0";-1000000000;-1000000000;1000000000;"Màj nbJ travail effectif annuels FJ";"Màj nbJ trav eff FJ";"6767B4   FFFFFF";"OSDF";448;"    N";"1";"0";" ";"2";"0";"0";"0";"1";"0";0;"0";"0";"0";"0";"0";13/02/2025;"111111";01/01/1900;" ";01/01/1900;" ";" ";" ";" ";" ";"0";"0";"0";" ";"0";"0";"0";"0";"0";"0";"0";"0";"0";" ";" ";" ";"0";"0";" ";" ";" ";" ";" ";" ";" ";" "
"XPACP";" ";"C";"CO";" ";"0";"0";-1000000000;0;5000;"MAJ pris acquis CP";"MAJ pris acquis CP";"6767B4   FFFFFF";"OSDF";448;"    N";"1";"0";" ";"2";"0";"0";"0";"1";"0";0;"0";" ";"0";" ";"0";04/12/2020;"PACKAGE";01/01/1900;" ";01/01/1900;" ";" ";" ";" ";" ";"0";"0";"0";" ";"0";" ";"0";"0";"0";"0";"0";"0";"0";" ";" ";" ";"0";"0";" ";" ";" ";" ";" ";" ";" ";" "
"XPLFTHA";" ";"C";"CO";" ";"0";"0";-1000000000;-1000000000;1000000000;"Màj plafond annuel Forfait jours";"Màj plafond annu. FJ";"6767B4   FFFFFF";"OSDF";448;"    N";"1";"0";" ";"2";"0";"0";"0";"1";"0";0;"0";"0";"0";"0";"0";13/02/2025;"111111";01/01/1900;" ";01/01/1900;" ";" ";" ";" ";" ";"0";"0";"0";" ";"0";"0";"0";"0";"0";"0";"0";"0";"0";" ";" ";" ";"0";"0";" ";" ";" ";" ";" ";" ";" ";" "
"XPRE";" ";"C";"CO";" ";"0";"0";-1000000000;-700;700;"Maj nombre de jours de présence hebdo";"Maj nbr j. pre hebdo";"6767B4   FFFFFF";"OSDF";448;"    N";"1";"0";" ";"2";"0";"0";" ";"1";" ";0;" ";" ";"0";" ";"0";04/12/2020;"PACKAGE";01/01/1900;" ";01/01/1900;" ";" ";" ";" ";" ";"0";"0";"0";" ";"0";"0";"0";"0";"0";"0";"0";"0";"0";" ";" ";" ";"0";"0";" ";" ";" ";" ";" ";" ";" ";" "
"ZJEAAFJ";" ";"C";"CO";" ";"0";"0";-1000000000;-1000000000;1000000000;"Init nJ travail effec. annuel assimiléFJ";"Init nJ trav eff aFJ";"6767B4   FFFFFF";"OSDF";448;"    N";"1";"0";" ";"2";"0";"0";"0";"1";"0";0;"0";"0";"0";"0";"0";13/02/2025;"111111";01/01/1900;" ";01/01/1900;" ";" ";" ";" ";" ";"0";"0";"0";" ";"0";"0";"0";"0";"0";"0";"0";"0";"0";" ";" ";" ";"0";"0";" ";" ";" ";" ";" ";" ";" ";" "
"ZJTRA";" ";"C";"CO";" ";"0";"0";-1000000000;-1000000000;1000000000;"Init jours présence pour CP";"Init jours présence";"6767B4   FFFFFF";"OSDF";448;"    N";"1";"0";" ";"2";"0";"0";"0";"1";"0";0;"0";"0";"0";"0";"0";13/02/2025;"111111";13/02/2025;"111111";01/01/1900;" ";" ";" ";" ";" ";"0";"0";"0";" ";"0";"0";"0";"0";"0";"0";"0";"0";"0";" ";" ";" ";"0";"0";" ";" ";" ";" ";" ";" ";" ";" "
"XPRES";" ";"C";"CO";" ";"0";"0";-1000000000;0;0;"Déclaration de présence";"déclaration présence";"6767B4   FFFFFF";"OSDF";448;" MAJ";"1";"0";" ";"2";"0";"0";" ";"1";" ";0;" ";" ";"0";" ";"0";04/12/2020;"PACKAGE";01/01/1900;" ";01/06/2023;" ";" ";" ";" ";" ";"0";"0";"0";" ";"0";"0";"0";"0";"0";"0";"0";"0";"0";" ";" ";" ";"0";"0";" ";" ";" ";" ";" ";" ";" ";" "
"ZDCET";" ";"C";"CO";" ";"0";"0";-1000000000;-5000;5000;"Initialisation solde CET";"init solde CET";"6767B4   FFFFFF";"OSDF";448;"    N";"1";"0";" ";"2";"0";"0";" ";"1";" ";0;" ";" ";"0";" ";"0";04/12/2020;"PACKAGE";01/01/1900;" ";01/01/1900;" ";" ";" ";" ";" ";"0";"0";"0";" ";"0";"0";"0";"0";"0";"0";"0";"0";"0";" ";" ";" ";"0";"0";" ";" ";" ";" ";" ";" ";" ";" "
"ZDCF";" ";"C";"CO";" ";"0";"0";-1000000000;0;5000;"Init droitcongés fractionnement";"Init droit CP fract.";"6767B4   FFFFFF";"OSDF";448;"    N";"1";"0";" ";"2";"0";"0";" ";"1";" ";0;" ";" ";"0";" ";"0";04/12/2020;"PACKAGE";01/01/1900;" ";24/03/2023;" ";" ";" ";" ";" ";"0";"0";"0";" ";"0";"0";"0";"0";"0";"0";"0";"0";"0";" ";" ";" ";"0";"0";" ";" ";" ";" ";" ";" ";" ";" "
"ZDCP";" ";"C";"CO";" ";"0";"0";-1000000000;0;5000;"Init droit congés payés annuels";"Init droit congé pay";"6767B4   FFFFFF";"OSDF";448;"    N";"1";"0";" ";"2";"0";"0";" ";"1";" ";0;" ";" ";"0";" ";"0";04/12/2020;"PACKAGE";01/01/1900;" ";25/05/2023;" ";" ";" ";" ";" ";"0";"0";"0";" ";"0";"0";"0";"0";"0";"0";"0";"0";"0";" ";" ";" ";"0";"0";" ";" ";" ";" ";" ";" ";" ";" "
"ZDCPCET";" ";"C";"CO";" ";"0";"0";-1000000000;-5000;5000;"Initialisation solde CET au titre des CP";"init solde CET/CP";"6767B4   FFFFFF";"OSDF";448;"    N";"1";"0";" ";"2";"0";"0";"0";"1";"0";0;" ";" ";"0";" ";"0";04/12/2020;"PACKAGE";01/01/1900;" ";01/01/1900;" ";" ";" ";" ";" ";"0";"0";"0";" ";"0";" ";"0";"0";"0";"0";"0";"0";"0";" ";" ";" ";"0";"0";" ";" ";" ";" ";" ";" ";" ";" "
"ZJTRAM";" ";"C";"CO";" ";"0";"0";-1000000000;-1000000000;1000000000;"Init jours présence pour CP mois";"Init jours présenceM";"6767B4   FFFFFF";"OSDF";448;"    N";"1";"0";" ";"2";"0";"0";"0";"1";"0";0;"0";"0";"0";"0";"0";13/02/2025;"111111";01/01/1900;" ";01/01/1900;" ";" ";" ";" ";" ";"0";"0";"0";" ";"0";"0";"0";"0";"0";"0";"0";"0";"0";" ";" ";" ";"0";"0";" ";" ";" ";" ";" ";" ";" ";" "
"ZMALCPM";" ";"C";"CO";" ";"0";"0";-1000000000;-1000000000;1000000000;"Init jrs abs maladie mois";"Init jrs abs/MALM";"6767B4   FFFFFF";"OSDF";448;"    N";"1";"0";" ";"2";"0";"0";"0";"1";"0";0;"0";"0";"0";"0";"0";13/02/2025;"111111";13/02/2025;"111111";01/01/1900;" ";" ";" ";" ";" ";"0";"0";"0";" ";"0";"0";"0";"0";"0";"0";"0";"0";"0";" ";" ";" ";"0";"0";" ";" ";" ";" ";" ";" ";" ";" "
"ZMALCPO";" ";"C";"CO";" ";"0";"0";-1000000000;-1000000000;1000000000;"Jours absences maladie pour CP";"Init jrs abs mal CP";"6767B4   FFFFFF";"OSDF";448;"    N";"1";"0";" ";"2";"0";"0";"0";"1";"0";0;"0";"0";"0";"0";"0";13/02/2025;"111111";13/02/2025;"111111";01/01/1900;" ";" ";" ";" ";" ";"0";"0";"0";" ";"0";"0";"0";"0";"0";"0";"0";"0";"0";" ";" ";" ";"0";"0";" ";" ";" ";" ";" ";" ";" ";" "
"ZNBD";" ";"C";"CO";" ";"0";"0";-1000000000;0;5200;"Init nombre de dimanches";"Init nbr de dimanche";"6767B4   FFFFFF";"OSDF";448;"    N";"1";"0";" ";"2";"0";"0";" ";"1";" ";0;" ";" ";"0";" ";"0";04/12/2020;"PACKAGE";01/01/1900;" ";01/01/1900;" ";" ";" ";" ";" ";"0";"0";"0";" ";"0";"0";"0";"0";"0";"0";"0";"0";"0";" ";" ";" ";"0";"0";" ";" ";" ";" ";" ";" ";" ";" "
"ZNBF";" ";"C";"CO";" ";"0";"0";-1000000000;0;2500;"Init nombre de fériées";"Init nbr de fériés";"6767B4   FFFFFF";"OSDF";448;"    N";"1";"0";" ";"2";"0";"0";" ";"1";" ";0;" ";" ";"0";" ";"0";04/12/2020;"PACKAGE";01/01/1900;" ";01/01/1900;" ";" ";" ";" ";" ";"0";"0";"0";" ";"0";"0";"0";"0";"0";"0";"0";"0";"0";" ";" ";" ";"0";"0";" ";" ";" ";" ";" ";" ";" ";" "
"PRIN";" ";"C";"CO";" ";"0";"0";-1000000000;0;99900;"Prime en nombre";"Prime en nombre";"6767B4   FFFFFF";"OSDF";448;"    N";"1";"0";" ";"2";"0";"0";"0";"1";"0";0;"0";"0";"0";"0";"0";04/12/2020;"PACKAGE";01/01/1900;" ";01/01/1900;" ";" ";" ";" ";" ";"0";"0";"0";" ";"0";" ";"0";"0";"0";"0";"0";"0";"0";" ";" ";" ";"0";"0";" ";" ";" ";" ";" ";" ";" ";" "
"XABSI";" ";"C";"CO";" ";"0";"0";-1000000000;-1000000000;1000000000;"MAJ nombre jour absences injustifiées";"MAJ Abs injustifiée";"6767B4   FFFFFF";"OSDF";448;"    N";"1";"0";" ";"2";"0";"0";"0";"1";"0";0;"0";"0";"0";"0";"0";13/02/2025;"111111";18/02/2025;"111111";01/01/1900;" ";" ";" ";" ";" ";"0";"0";"0";" ";"0";"0";"0";"0";"0";"0";"0";"0";"0";" ";" ";" ";"0";"0";" ";" ";" ";" ";" ";" ";" ";" "
"XARTJ";" ";"C";"CO";" ";"0";"0";-1000000000;-5000;5000;"Maj acquis RTT en jours mensuel";"Maj acq. RTT j mens";"6767B4   FFFFFF";"OSDF";448;"    N";"1";"0";" ";"2";"0";"0";" ";"1";" ";0;" ";" ";"0";" ";"0";04/12/2020;"PACKAGE";01/01/1900;" ";16/03/2023;" ";" ";" ";" ";" ";"0";"0";"0";" ";"0";"0";"0";"0";"0";"0";"0";"0";"0";" ";" ";" ";"0";"0";" ";" ";" ";" ";" ";" ";" ";" "
"XCCA";" ";"C";"CO";" ";"0";"0";-1000000000;-5000;5000;"Maj consommation CP ancienneté";"Maj conso congé anci";"6767B4   FFFFFF";"OSDF";448;"    N";"1";"0";" ";"2";"0";"0";" ";"1";" ";0;" ";" ";"0";" ";"0";04/12/2020;"PACKAGE";01/01/1900;" ";01/01/1900;" ";" ";" ";" ";" ";"0";"0";"0";" ";"0";"0";"0";"0";"0";"0";"0";"0";"0";" ";" ";" ";"0";"0";" ";" ";" ";" ";" ";" ";" ";" "
"XCCF";" ";"C";"CO";" ";"0";"0";-1000000000;-5000;5000;"Maj pris congés fractionnement";"Maj pris CP fract.";"6767B4   FFFFFF";"OSDF";448;"    N";"1";"0";" ";"2";"0";"0";" ";"1";" ";0;" ";" ";"0";" ";"0";04/12/2020;"PACKAGE";01/01/1900;" ";01/01/1900;" ";" ";" ";" ";" ";"0";"0";"0";" ";"0";"0";"0";"0";"0";"0";"0";"0";"0";" ";" ";" ";"0";"0";" ";" ";" ";" ";" ";" ";" ";" "
"XCCP";" ";"C";"CO";" ";"0";"0";-1000000000;-5000;5000;"Maj consommation Congé payé annuel";"Maj conso congé payé";"6767B4   FFFFFF";"OSDF";448;"    N";"1";"0";" ";"2";"0";"0";" ";"1";" ";0;" ";" ";"0";" ";"0";04/12/2020;"PACKAGE";01/01/1900;" ";01/01/1900;" ";" ";" ";" ";" ";"0";"0";"0";" ";"0";"0";"0";"0";"0";"0";"0";"0";"0";" ";" ";" ";"0";"0";" ";" ";" ";" ";" ";" ";" ";" "
"XCCSUP";" ";"C";"CO";" ";"0";"0";-1000000000;0;5000;"Mise à jour pris CSUP";"MAJ pris CSUP";"6767B4   FFFFFF";"OSDF";448;"    N";"1";"0";" ";"2";"0";"0";"0";"1";"0";0;"0";"0";"0";"0";"0";31/05/2023;"111111";01/01/1900;" ";01/01/1900;" ";" ";" ";" ";" ";"0";"0";"0";" ";"0";" ";"0";"0";"0";"0";"0";"0";"0";" ";" ";" ";"0";"0";" ";" ";" ";" ";" ";" ";" ";" "
"XCENF";" ";"C";"CO";" ";"0";"0";-1000000000;-500;500;"Maj solde congé enfant malade";"Maj solde congé enf";"6767B4   FFFFFF";"OSDF";448;"    N";"1";"0";" ";"2";"0";"0";"0";"1";"0";0;" ";" ";"0";" ";"0";04/12/2020;"PACKAGE";01/01/1900;" ";01/01/1900;" ";" ";" ";" ";" ";"0";"0";"0";" ";"0";" ";"0";"0";"0";"0";"0";"0";"0";" ";" ";" ";"0";"0";" ";" ";" ";" ";" ";" ";" ";" "
"XCJVER";" ";"C";"CO";" ";"0";"0";-1000000000;0;5000;"MAJ pris jours versés";"MAJ pris jr versés";"6767B4   FFFFFF";"OSDF";448;"    N";"1";"0";" ";"2";"0";"0";"0";"1";"0";0;"0";" ";"0";" ";"0";04/12/2020;"PACKAGE";01/01/1900;" ";01/01/1900;" ";" ";" ";" ";" ";"0";"0";"0";" ";"0";" ";"0";"0";"0";"0";"0";"0";"0";" ";" ";" ";"0";"0";" ";" ";" ";" ";" ";" ";" ";" "
"XCRJ";" ";"C";"CO";" ";"0";"0";-1000000000;0;5000;"Maj consommation RTT en jours";"Maj conso.RTT en J.";"6767B4   FFFFFF";"OSDF";448;"    N";"1";"0";" ";"2";"0";"0";" ";"1";" ";0;" ";" ";"0";" ";"0";04/12/2020;"PACKAGE";01/01/1900;" ";01/01/1900;" ";" ";" ";" ";" ";"0";"0";"0";" ";"0";"0";"0";"0";"0";"0";"0";"0";"0";" ";" ";" ";"0";"0";" ";" ";" ";" ";" ";" ";" ";" "
"XDACP";" ";"C";"CO";" ";"0";"0";-1000000000;0;5000;"MAJ droit acquis CP";"MAJ droit acquis CP";"6767B4   FFFFFF";"OSDF";448;"    N";"1";"0";" ";"2";"0";"0";"0";"1";"0";0;"0";" ";"0";" ";"0";04/12/2020;"PACKAGE";01/01/1900;" ";01/01/1900;" ";" ";" ";" ";" ";"0";"0";"0";" ";"0";" ";"0";"0";"0";"0";"0";"0";"0";" ";" ";" ";"0";"0";" ";" ";" ";" ";" ";" ";" ";" "
"XDCA";" ";"C";"CO";" ";"0";"0";-1000000000;-5000;5000;"Maj droit Congé ancienneté";"Maj droit Congé anci";"6767B4   FFFFFF";"OSDF";448;"    N";"1";"0";" ";"2";"0";"0";" ";"1";" ";0;" ";" ";"0";" ";"0";04/12/2020;"PACKAGE";01/01/1900;" ";03/03/2025;" ";" ";" ";" ";" ";"0";"0";"0";" ";"0";"0";"0";"0";"0";"0";"0";"0";"0";" ";" ";" ";"0";"0";" ";" ";" ";" ";" ";" ";" ";" "
"XDCET";" ";"C";"CO";" ";"0";"0";-1000000000;-5000;5000;"Maj solde CET";"Maj solde CET";"6767B4   FFFFFF";"OSDF";448;"    N";"1";"0";" ";"2";"0";"0";" ";"1";" ";0;" ";" ";"0";" ";"0";04/12/2020;"PACKAGE";01/01/1900;" ";01/01/1900;" ";" ";" ";" ";" ";"0";"0";"0";" ";"0";"0";"0";"0";"0";"0";"0";"0";"0";" ";" ";" ";"0";"0";" ";" ";" ";" ";" ";" ";" ";" "
"XDCF";" ";"C";"CO";" ";"0";"0";-1000000000;-5000;5000;"Maj droit congés fractionnement";"Maj droit CP fract.";"6767B4   FFFFFF";"OSDF";448;"    N";"1";"0";" ";"2";"0";"0";" ";"1";" ";0;" ";" ";"0";" ";"0";04/12/2020;"PACKAGE";01/01/1900;" ";01/01/1900;" ";" ";" ";" ";" ";"0";"0";"0";" ";"0";"0";"0";"0";"0";"0";"0";"0";"0";" ";" ";" ";"0";"0";" ";" ";" ";" ";" ";" ";" ";" "
"XDCP";" ";"C";"CO";" ";"0";"0";-1000000000;-5000;5000;"Maj droit congé annuel";"Maj droit congé annu";"6767B4   FFFFFF";"OSDF";448;"    N";"1";"0";" ";"2";"0";"0";" ";"1";" ";0;" ";" ";"0";" ";"0";04/12/2020;"PACKAGE";01/01/1900;" ";01/01/1900;" ";" ";" ";" ";" ";"0";"0";"0";" ";"0";"0";"0";"0";"0";"0";"0";"0";"0";" ";" ";" ";"0";"0";" ";" ";" ";" ";" ";" ";" ";" "
"XCRCP";" ";"C";"CO";" ";"0";"0";-1000000000;-5000;5000;"Maj Pris rel. CP";"Maj Pris rel. CP";"6767B4   FFFFFF";"OSDF";448;"    N";"1";"0";" ";"2";"0";"0";"0";"1";"0";0;"0";"0";"0";"0";"0";13/02/2025;"111111";01/01/1900;" ";01/01/1900;" ";" ";" ";" ";" ";"0";"0";"0";" ";"0";"0";"0";"0";"0";"0";"0";"0";"0";" ";" ";" ";"0";"0";" ";" ";" ";" ";" ";" ";" ";" "
"XDCPCET";" ";"C";"CO";" ";"0";"0";-1000000000;-5000;5000;"Maj solde CET au titre des CP";"Maj solde CET/CP";"6767B4   FFFFFF";"OSDF";448;"    N";"1";"0";" ";"2";"0";"0";"0";"1";"0";0;" ";" ";"0";" ";"0";04/12/2020;"PACKAGE";01/01/1900;" ";01/01/1900;" ";" ";" ";" ";" ";"0";"0";"0";" ";"0";" ";"0";"0";"0";"0";"0";"0";"0";" ";" ";" ";"0";"0";" ";" ";" ";" ";" ";" ";" ";" "
"XDCSUP";" ";"C";"CO";" ";"0";"0";-1000000000;0;5000;"MAJ droit CSUP";"MAJ droit CSUP";"6767B4   FFFFFF";"OSDF";448;"    N";"1";"0";" ";"2";"0";"0";"0";"1";"0";0;"0";"0";"0";"0";"0";31/05/2023;"111111";01/01/1900;" ";01/01/1900;" ";" ";" ";" ";" ";"0";"0";"0";" ";"0";" ";"0";"0";"0";"0";"0";"0";"0";" ";" ";" ";"0";"0";" ";" ";" ";" ";" ";" ";" ";" "
"XDONABS";" ";"C";"CO";" ";"0";"0";-1000000000;0;5000;"Maj solde don absences";"Maj solde don abs";"6767B4   FFFFFF";"OSDF";448;"    N";"1";"0";" ";"2";"0";"0";"0";"1";"0";0;" ";" ";"0";" ";"0";04/12/2020;"PACKAGE";01/01/1900;" ";01/01/1900;" ";" ";" ";" ";" ";"0";"0";"0";" ";"0";" ";"0";"0";"0";"0";"0";"0";"0";" ";" ";" ";"0";"0";" ";" ";" ";" ";" ";" ";" ";" "
"YJFJPAI";" ";"C";"CO";" ";"0";"0";-1000000000;-1000000000;1000000000;"Paiement écart plafond FJ";"Paie plafond FJ";"6767B4   FFFFFF";"OSDF";448;"    N";"1";"0";" ";"2";"0";"0";"0";"1";"0";0;"0";"0";"0";"0";"0";13/02/2025;"111111";01/01/1900;" ";01/01/1900;" ";" ";" ";" ";" ";"0";"0";"0";" ";"0";"0";"0";"0";"0";"0";"0";"0";"0";" ";" ";" ";"0";"0";" ";" ";" ";" ";" ";" ";" ";" "
"XJFRC2M1";" ";"C";"CO";" ";"0";"0";-1000000000;-3000;3000;"MAJ Date fin report reliquat 2 CP -1an";"MAJ date rep RCP -1a";"6767B4   FFFFFF";"OSDF";448;"   J";"1";"0";" ";"2";"0";"0";"0";"1";"0";0;"0";"0";"0";"0";"0";13/02/2025;"111111";01/01/1900;" ";21/03/2025;" ";" ";" ";" ";" ";"0";"0";"0";" ";"0";"0";"0";"0";"0";"0";"0";"0";"0";" ";" ";" ";"0";"0";" ";" ";" ";" ";" ";" ";" ";" "
"XDRCP";" ";"C";"CO";" ";"0";"0";-1000000000;-5000;5000;"Maj Droit rel. CP";"Maj Droit rel. CP";"6767B4   FFFFFF";"OSDF";448;"    N";"1";"0";" ";"2";"0";"0";"0";"1";"0";0;"0";"0";"0";"0";"0";13/02/2025;"111111";01/01/1900;" ";01/01/1900;" ";" ";" ";" ";" ";"0";"0";"0";" ";"0";"0";"0";"0";"0";"0";"0";"0";"0";" ";" ";" ";"0";"0";" ";" ";" ";" ";" ";" ";" ";" "
"YJFJREC";" ";"C";"CO";" ";"0";"0";-1000000000;-1000000000;1000000000;"Récupération écart plafond FJ";"Récup plafond FJ";"6767B4   FFFFFF";"OSDF";448;"    N";"1";"0";" ";"2";"0";"0";"0";"1";"0";0;"0";"0";"0";"0";"0";13/02/2025;"111111";01/01/1900;" ";01/01/1900;" ";" ";" ";" ";" ";"0";"0";"0";" ";"0";"0";"0";"0";"0";"0";"0";"0";"0";" ";" ";" ";"0";"0";" ";" ";" ";" ";" ";" ";" ";" "
"ZPLFTHA";" ";"C";"CO";" ";"0";"0";-1000000000;-1000000000;1000000000;"Init plafond annuel Forfait jours";"Init plafond ann. FJ";"6767B4   FFFFFF";"OSDF";448;"    N";"1";"0";" ";"2";"0";"0";"0";"1";"0";0;"0";"0";"0";"0";"0";13/02/2025;"111111";01/01/1900;" ";01/01/1900;" ";" ";" ";" ";" ";"0";"0";"0";" ";"0";"0";"0";"0";"0";"0";"0";"0";"0";" ";" ";" ";"0";"0";" ";" ";" ";" ";" ";" ";" ";" "
"XRTJ";" ";"C";"CO";" ";"0";"0";-1000000000;-5000;5000;"Maj droit RTT annuel en jours";"Maj droit RTT en J.";"6767B4   FFFFFF";"OSDF";448;"    N";"1";"0";" ";"2";"0";"0";"0";"1";"0";0;"0";"0";"0";"0";"0";04/12/2020;"PACKAGE";01/01/1900;" ";01/06/2023;" ";" ";" ";" ";" ";"0";"0";"0";" ";"0";"0";"0";"0";"0";"0";"0";"0";"0";" ";" ";" ";"0";"0";" ";" ";" ";" ";" ";" ";" ";" "
"XSJRF";" ";"C";"CO";" ";"0";"0";-1000000000;-1000000000;1000000000;"Màj solde repos N-1 Forfait jours";"Màj sold repo N-1 FJ";"6767B4   FFFFFF";"OSDF";448;"    N";"1";"0";" ";"2";"0";"0";"0";"1";"0";0;"0";"0";"0";"0";"0";13/02/2025;"111111";01/01/1900;" ";01/01/1900;" ";" ";" ";" ";" ";"0";"0";"0";" ";"0";"0";"0";"0";"0";"0";"0";"0";"0";" ";" ";" ";"0";"0";" ";" ";" ";" ";" ";" ";" ";" "
"XRCCET";" ";"C";"CO";" ";"0";"0";-1000000000;-5000;5000;"Maj CET (par du RC)";"maj CET (RC en hrs)";"6767B4   FFFFFF";"OSDF";448;"    N";"1";"0";" ";"2";"0";"0";" ";"1";" ";0;" ";" ";"0";" ";"0";04/12/2020;"PACKAGE";01/01/1900;" ";01/01/1900;" ";" ";" ";" ";" ";"0";"0";"0";" ";"0";"0";"0";"0";"0";"0";"0";"0";"0";" ";" ";" ";"0";"0";" ";" ";" ";" ";" ";" ";" ";" "
"XTRV";" ";"C";"CO";" ";"0";"0";-1000000000;-700;700;"Maj nombre de jours travaillés hebdo";"Maj nbr j trv hebdo";"6767B4   FFFFFF";"OSDF";448;"    N";"1";"0";" ";"2";"0";"0";" ";"1";" ";0;" ";" ";"0";" ";"0";04/12/2020;"PACKAGE";01/01/1900;" ";01/01/1900;" ";" ";" ";" ";" ";"0";"0";"0";" ";"0";"0";"0";"0";"0";"0";"0";"0";"0";" ";" ";" ";"0";"0";" ";" ";" ";" ";" ";" ";" ";" "
"YCACET";" ";"C";"CO";" ";"0";"0";-1000000000;-5000;5000;"Transfert de CP ancienneté en CET";"Trans. CP ancien/CET";"6767B4   FFFFFF";"OSDF";448;"    N";"1";"0";" ";"2";"0";"0";"0";"1";"0";0;" ";" ";"0";" ";"0";04/12/2020;"PACKAGE";01/01/1900;" ";01/01/1900;" ";" ";" ";" ";" ";"0";"0";"0";" ";"0";" ";"0";"0";"0";"0";"0";"0";"0";" ";" ";" ";"0";"0";" ";" ";" ";" ";" ";" ";" ";" "
"YCSCET";" ";"C";"CO";" ";"0";"0";-1000000000;-5000;5000;"Transfert de CSUP vers CET";"Trans. CSUP /CET";"6767B4   FFFFFF";"OSDF";448;"    N";"1";"0";" ";"2";"0";"0";"0";"1";"0";0;"0";"0";"0";"0";"0";31/05/2023;"111111";01/01/1900;" ";01/01/1900;" ";" ";" ";" ";" ";"0";"0";"0";" ";"0";" ";"0";"0";"0";"0";"0";"0";"0";" ";" ";" ";"0";"0";" ";" ";" ";" ";" ";" ";" ";" "
"YCFCET";" ";"C";"CO";" ";"0";"0";-1000000000;-5000;5000;"Transfert de CP fractionnement en CET";"Trans. CP fract./CET";"6767B4   FFFFFF";"OSDF";448;"    N";"1";"0";" ";"2";"0";"0";"0";"1";"0";0;" ";" ";"0";" ";"0";04/12/2020;"PACKAGE";01/01/1900;" ";25/05/2023;" ";" ";" ";" ";" ";"0";"0";"0";" ";"0";" ";"0";"0";"0";"0";"0";"0";"0";" ";" ";" ";"0";"0";" ";" ";" ";" ";" ";" ";" ";" "
"YCPCET";" ";"C";"CO";" ";"0";"0";-1000000000;-5000;5000;"Transfert de CP en CET";"Trans. CP/CET";"6767B4   FFFFFF";"OSDF";448;"    N";"1";"0";" ";"2";"0";"0";" ";"1";" ";0;" ";" ";"0";" ";"0";04/12/2020;"PACKAGE";01/01/1900;" ";25/05/2023;" ";" ";" ";" ";" ";"0";"0";"0";" ";"0";"0";"0";"0";"0";"0";"0";"0";"0";" ";" ";" ";"0";"0";" ";" ";" ";" ";" ";" ";" ";" "
"YRTCET";" ";"C";"CO";" ";"0";"0";-1000000000;-5000;5000;"Transfert de RTT (j) en CET";"Trans. RTT/CET";"6767B4   FFFFFF";"OSDF";448;"    N";"1";"0";" ";"2";"0";"0";" ";"1";" ";0;" ";" ";"0";" ";"0";04/12/2020;"PACKAGE";01/01/1900;" ";16/03/2023;" ";" ";" ";" ";" ";"0";"0";"0";" ";"0";"0";"0";"0";"0";"0";"0";"0";"0";" ";" ";" ";"0";"0";" ";" ";" ";" ";" ";" ";" ";" "
"ZPRD";" ";"C";"CO";" ";"0";"0";-1000000000;0;9900;"Init prime divers";"Init prime divers";"6767B4   FFFFFF";"OSDF";448;"    N";"1";"0";" ";"2";"0";"0";" ";"1";" ";0;" ";" ";"0";" ";"0";04/12/2020;"PACKAGE";01/01/1900;" ";01/01/1900;" ";" ";" ";" ";" ";"0";"0";"0";" ";"0";"0";"0";"0";"0";"0";"0";"0";"0";" ";" ";" ";"0";"0";" ";" ";" ";" ";" ";" ";" ";" "
"ZABSCP";" ";"C";"CO";" ";"0";"0";-1000000000;-1000000000;1000000000;"Init jours abs pour abattement congés";"Init jrs abs /congés";"6767B4   FFFFFF";"OSDF";448;"    N";"1";"0";" ";"2";"0";"0";"0";"1";"0";0;"0";"0";"0";"0";"0";13/02/2025;"111111";13/02/2025;"111111";01/01/1900;" ";" ";" ";" ";" ";"0";"0";"0";" ";"0";"0";"0";"0";"0";"0";"0";"0";"0";" ";" ";" ";"0";"0";" ";" ";" ";" ";" ";" ";" ";" "
"ZABSI";" ";"C";"CO";" ";"0";"0";-1000000000;-1000000000;1000000000;"Init nombre jour absences injustifiées";"Init Abs injustifiée";"6767B4   FFFFFF";"OSDF";448;"    N";"1";"0";" ";"2";"0";"0";"0";"1";"0";0;"0";"0";"0";"0";"0";13/02/2025;"111111";18/02/2025;"111111";01/01/1900;" ";" ";" ";" ";" ";"0";"0";"0";" ";"0";"0";"0";"0";"0";"0";"0";"0";"0";" ";" ";" ";"0";"0";" ";" ";" ";" ";" ";" ";" ";" "
"ZARTJ";" ";"C";"CO";" ";"0";"0";-1000000000;0;5000;"Init acquis RTT en jours mensuel";"Init acq. RTT j mens";"6767B4   FFFFFF";"OSDF";448;"    N";"1";"0";" ";"2";"0";"0";" ";"1";" ";0;" ";" ";"0";" ";"0";04/12/2020;"PACKAGE";01/01/1900;" ";01/01/1900;" ";" ";" ";" ";" ";"0";"0";"0";" ";"0";"0";"0";"0";"0";"0";"0";"0";"0";" ";" ";" ";"0";"0";" ";" ";" ";" ";" ";" ";" ";" "
"ZCCA";" ";"C";"CO";" ";"0";"0";-1000000000;0;5000;"Init consommation congé ancienneté";"Init conso congé anc";"6767B4   FFFFFF";"OSDF";448;"    N";"1";"0";" ";"2";"0";"0";" ";"1";" ";0;" ";" ";"0";" ";"0";04/12/2020;"PACKAGE";01/01/1900;" ";01/01/1900;" ";" ";" ";" ";" ";"0";"0";"0";" ";"0";"0";"0";"0";"0";"0";"0";"0";"0";" ";" ";" ";"0";"0";" ";" ";" ";" ";" ";" ";" ";" "
"ZCCF";" ";"C";"CO";" ";"0";"0";-1000000000;0;5000;"Init pris congés fractionnement";"Init pris CP fract.";"6767B4   FFFFFF";"OSDF";448;"    N";"1";"0";" ";"2";"0";"0";" ";"1";" ";0;" ";" ";"0";" ";"0";04/12/2020;"PACKAGE";01/01/1900;" ";01/01/1900;" ";" ";" ";" ";" ";"0";"0";"0";" ";"0";"0";"0";"0";"0";"0";"0";"0";"0";" ";" ";" ";"0";"0";" ";" ";" ";" ";" ";" ";" ";" "
"ZCCP";" ";"C";"CO";" ";"0";"0";-1000000000;0;5000;"Init consommation congés payés annuels";"Init conso congé pay";"6767B4   FFFFFF";"OSDF";448;"    N";"1";"0";" ";"2";"0";"0";" ";"1";" ";0;" ";" ";"0";" ";"0";04/12/2020;"PACKAGE";01/01/1900;" ";01/01/1900;" ";" ";" ";" ";" ";"0";"0";"0";" ";"0";"0";"0";"0";"0";"0";"0";"0";"0";" ";" ";" ";"0";"0";" ";" ";" ";" ";" ";" ";" ";" "
"ZCCSUP";" ";"C";"CO";" ";"0";"0";-1000000000;0;5000;"Initialisation pris CSUP";"Init pris CSUP";"6767B4   FFFFFF";"OSDF";448;"    N";"1";"0";" ";"2";"0";"0";"0";"1";"0";0;"0";"0";"0";"0";"0";31/05/2023;"111111";01/01/1900;" ";01/01/1900;" ";" ";" ";" ";" ";"0";"0";"0";" ";"0";" ";"0";"0";"0";"0";"0";"0";"0";" ";" ";" ";"0";"0";" ";" ";" ";" ";" ";" ";" ";" "
"ZCENF";" ";"C";"CO";" ";"0";"0";-1000000000;0;500;"Init solde congé enfant malade";"Init solde congé enf";"6767B4   FFFFFF";"OSDF";448;"    N";"1";"0";" ";"2";"0";"0";"0";"1";"0";0;" ";" ";"0";" ";"0";04/12/2020;"PACKAGE";01/01/1900;" ";01/01/1900;" ";" ";" ";" ";" ";"0";"0";"0";" ";"0";" ";"0";"0";"0";"0";"0";"0";"0";" ";" ";" ";"0";"0";" ";" ";" ";" ";" ";" ";" ";" "
"ZCJVER";" ";"C";"CO";" ";"0";"0";-1000000000;0;5000;"Init pris jours versés";"Init pris jr versés";"6767B4   FFFFFF";"OSDF";448;"    N";"1";"0";" ";"2";"0";"0";"0";"1";"0";0;"0";" ";"0";" ";"0";04/12/2020;"PACKAGE";01/01/1900;" ";01/01/1900;" ";" ";" ";" ";" ";"0";"0";"0";" ";"0";" ";"0";"0";"0";"0";"0";"0";"0";" ";" ";" ";"0";"0";" ";" ";" ";" ";" ";" ";" ";" "
"ZCRCP";" ";"C";"CO";" ";"0";"0";-1000000000;-5000;5000;"Init Pris rel CP";"Init Pris rel CP";"6767B4   FFFFFF";"OSDF";448;"    N";"1";"0";" ";"2";"0";"0";"0";"1";"0";0;"0";"0";"0";"0";"0";13/02/2025;"111111";01/01/1900;" ";01/01/1900;" ";" ";" ";" ";" ";"0";"0";"0";" ";"0";"0";"0";"0";"0";"0";"0";"0";"0";" ";" ";" ";"0";"0";" ";" ";" ";" ";" ";" ";" ";" "
"ZCRJ";" ";"C";"CO";" ";"0";"0";-1000000000;0;5000;"Init consommation RTT en jours";"Init conso RTT en J.";"6767B4   FFFFFF";"OSDF";448;"    N";"1";"0";" ";"2";"0";"0";" ";"1";" ";0;" ";" ";"0";" ";"0";04/12/2020;"PACKAGE";01/01/1900;" ";01/01/1900;" ";" ";" ";" ";" ";"0";"0";"0";" ";"0";"0";"0";"0";"0";"0";"0";"0";"0";" ";" ";" ";"0";"0";" ";" ";" ";" ";" ";" ";" ";" "
"ZDACP";" ";"C";"CO";" ";"0";"0";-1000000000;0;5000;"Init droit acquis CP";"Init droit acquis CP";"6767B4   FFFFFF";"OSDF";448;"    N";"1";"0";" ";"2";"0";"0";"0";"1";"0";0;"0";" ";"0";" ";"0";04/12/2020;"PACKAGE";01/01/1900;" ";01/01/1900;" ";" ";" ";" ";" ";"0";"0";"0";" ";"0";" ";"0";"0";"0";"0";"0";"0";"0";" ";" ";" ";"0";"0";" ";" ";" ";" ";" ";" ";" ";" "
"ZDCA";" ";"C";"CO";" ";"0";"0";-1000000000;0;5000;"Init droit congés anciennetés";"Init droit congé anc";"6767B4   FFFFFF";"OSDF";448;"    N";"1";"0";" ";"2";"0";"0";" ";"1";" ";0;" ";" ";"0";" ";"0";04/12/2020;"PACKAGE";01/01/1900;" ";31/05/2023;" ";" ";" ";" ";" ";"0";"0";"0";" ";"0";"0";"0";"0";"0";"0";"0";"0";"0";" ";" ";" ";"0";"0";" ";" ";" ";" ";" ";" ";" ";" "
"ZNBS";" ";"C";"CO";" ";"0";"0";-1000000000;0;5200;"Init nombre de samedis";"Init nbr de samedi";"6767B4   FFFFFF";"OSDF";448;"    N";"1";"0";" ";"2";"0";"0";" ";"1";" ";0;" ";" ";"0";" ";"0";04/12/2020;"PACKAGE";01/01/1900;" ";01/01/1900;" ";" ";" ";" ";" ";"0";"0";"0";" ";"0";"0";"0";"0";"0";"0";"0";"0";"0";" ";" ";" ";"0";"0";" ";" ";" ";" ";" ";" ";" ";" "
"ZPACP";" ";"C";"CO";" ";"0";"0";-1000000000;0;5000;"Init pris acquis CP";"Init pris acquis CP";"6767B4   FFFFFF";"OSDF";448;"    N";"1";"0";" ";"2";"0";"0";"0";"1";"0";0;"0";" ";"0";" ";"0";04/12/2020;"PACKAGE";01/01/1900;" ";01/01/1900;" ";" ";" ";" ";" ";"0";"0";"0";" ";"0";" ";"0";"0";"0";"0";"0";"0";"0";" ";" ";" ";"0";"0";" ";" ";" ";" ";" ";" ";" ";" "
"ZPAJ";" ";"C";"CO";" ";"0";"0";-1000000000;0;100;"Init panier jour";"Init panier jour";"6767B4   FFFFFF";"OSDF";448;"    N";"1";"0";" ";"2";"0";"0";" ";"1";" ";0;" ";" ";"0";" ";"0";04/12/2020;"PACKAGE";01/01/1900;" ";02/02/2022;" ";" ";" ";" ";" ";"0";"0";"0";" ";"0";"0";"0";"0";"0";"0";"0";"0";"0";" ";" ";" ";"0";"0";" ";" ";" ";" ";" ";" ";" ";" "
"ZPAN";" ";"C";"CO";" ";"0";"0";-1000000000;0;100;"Init panier nuit";"Init panier nuit";"6767B4   FFFFFF";"OSDF";448;"    N";"1";"0";" ";"2";"0";"0";" ";"1";" ";0;" ";" ";"0";" ";"0";04/12/2020;"PACKAGE";01/01/1900;" ";01/01/1900;" ";" ";" ";" ";" ";"0";"0";"0";" ";"0";"0";"0";"0";"0";"0";"0";"0";"0";" ";" ";" ";"0";"0";" ";" ";" ";" ";" ";" ";" ";" "
"ZPRE";" ";"C";"CO";" ";"0";"0";-1000000000;0;700;"Init nombre de jours de présence hebdo";"Init nbr j.pre hebdo";"6767B4   FFFFFF";"OSDF";448;"    N";"1";"0";" ";"2";"0";"0";" ";"1";" ";0;" ";" ";"0";" ";"0";04/12/2020;"PACKAGE";01/01/1900;" ";01/01/1900;" ";" ";" ";" ";" ";"0";"0";"0";" ";"0";"0";"0";"0";"0";"0";"0";"0";"0";" ";" ";" ";"0";"0";" ";" ";" ";" ";" ";" ";" ";" "
"ZPRH";" ";"C";"CO";" ";"0";"0";100;0;100;"Init prime de poste";"Init prime de poste";"6767B4   FFFFFF";"OSDF";448;"    N";"1";"0";" ";"2";"0";"0";"0";"1";"0";0;"0";"0";"0";"0";"0";05/04/2023;"111111";05/04/2023;"111111";31/05/2023;" ";" ";" ";" ";" ";"0";"0";"0";" ";"0";"0";"0";"0";"0";"0";"0";"0";"0";" ";" ";" ";"0";"0";" ";" ";" ";" ";" ";" ";" ";" "
"ZPRJ";" ";"C";"CO";" ";"0";"0";-1000000000;0;100;"Init prime jour";"Init prime jour";"6767B4   FFFFFF";"OSDF";448;"    N";"1";"0";" ";"2";"0";"0";" ";"1";" ";0;" ";" ";"0";" ";"0";04/12/2020;"PACKAGE";01/01/1900;" ";01/01/1900;" ";" ";" ";" ";" ";"0";"0";"0";" ";"0";"0";"0";"0";"0";"0";"0";"0";"0";" ";" ";" ";"0";"0";" ";" ";" ";" ";" ";" ";" ";" "
"ZPRN";" ";"C";"CO";" ";"0";"0";-1000000000;0;100;"Init prime nuit";"Init prime jour";"6767B4   FFFFFF";"OSDF";448;"    N";"1";"0";" ";"2";"0";"0";" ";"1";" ";0;" ";" ";"0";" ";"0";04/12/2020;"PACKAGE";01/01/1900;" ";09/03/2023;" ";" ";" ";" ";" ";"0";"0";"0";" ";"0";"0";"0";"0";"0";"0";"0";"0";"0";" ";" ";" ";"0";"0";" ";" ";" ";" ";" ";" ";" ";" "
"ZPRS";" ";"C";"CO";" ";"0";"0";-1000000000;0;9900;"Init prime spécifique";"Init prime spécif";"6767B4   FFFFFF";"OSDF";448;"    N";"1";"0";" ";"2";"0";"0";" ";"1";" ";0;" ";" ";"0";" ";"0";04/12/2020;"PACKAGE";01/01/1900;" ";01/01/1900;" ";" ";" ";" ";" ";"0";"0";"0";" ";"0";"0";"0";"0";"0";"0";"0";"0";"0";" ";" ";" ";"0";"0";" ";" ";" ";" ";" ";" ";" ";" "
"ZRCPM1";" ";"C";"CO";" ";"0";"0";-1000000000;-5000;5000;"Init Report congé mal -1 ann";"Init rep CP -1an";"6767B4   FFFFFF";"OSDF";448;"    N";"1";"0";" ";"2";"0";"0";"0";"1";"0";0;"0";"0";"0";"0";"0";13/02/2025;"111111";01/01/1900;" ";01/01/1900;" ";" ";" ";" ";" ";"0";"0";"0";" ";"0";"0";"0";"0";"0";"0";"0";"0";"0";" ";" ";" ";"0";"0";" ";" ";" ";" ";" ";" ";" ";" "
"ZRCPP1";" ";"C";"CO";" ";"0";"0";-1000000000;-5000;5000;"Init Report congé maladie +1 an";"Init rep CP +1an";"6767B4   FFFFFF";"OSDF";448;"    N";"1";"0";" ";"2";"0";"0";"0";"1";"0";0;"0";"0";"0";"0";"0";13/02/2025;"111111";01/01/1900;" ";01/01/1900;" ";" ";" ";" ";" ";"0";"0";"0";" ";"0";"0";"0";"0";"0";"0";"0";"0";"0";" ";" ";" ";"0";"0";" ";" ";" ";" ";" ";" ";" ";" "
"ZRRC2M1";" ";"C";"CO";" ";"0";"0";-1000000000;-5000;5000;"Init Report reliquat congé mal2 -1 an";"Init rep rel CP -1an";"6767B4   FFFFFF";"OSDF";448;"    N";"1";"0";" ";"2";"0";"0";"0";"1";"0";0;"0";"0";"0";"0";"0";13/02/2025;"111111";01/01/1900;" ";01/01/1900;" ";" ";" ";" ";" ";"0";"0";"0";" ";"0";"0";"0";"0";"0";"0";"0";"0";"0";" ";" ";" ";"0";"0";" ";" ";" ";" ";" ";" ";" ";" "
"ZRRCPM1";" ";"C";"CO";" ";"0";"0";-1000000000;-5000;5000;"Init Report reliquat congé mal1 -1 an";"Init rep rel CP -1an";"6767B4   FFFFFF";"OSDF";448;"    N";"1";"0";" ";"2";"0";"0";"0";"1";"0";0;"0";"0";"0";"0";"0";13/02/2025;"111111";01/01/1900;" ";01/01/1900;" ";" ";" ";" ";" ";"0";"0";"0";" ";"0";"0";"0";"0";"0";"0";"0";"0";"0";" ";" ";" ";"0";"0";" ";" ";" ";" ";" ";" ";" ";" "
"ZRRCPP1";" ";"C";"CO";" ";"0";"0";-1000000000;-5000;5000;"Init Report reliquat congé maladie +1 an";"Init rep rel CP +1an";"6767B4   FFFFFF";"OSDF";448;"    N";"1";"0";" ";"2";"0";"0";"0";"1";"0";0;"0";"0";"0";"0";"0";13/02/2025;"111111";01/01/1900;" ";01/01/1900;" ";" ";" ";" ";" ";"0";"0";"0";" ";"0";"0";"0";"0";"0";"0";"0";"0";"0";" ";" ";" ";"0";"0";" ";" ";" ";" ";" ";" ";" ";" "
"ZRTJ";" ";"C";"CO";" ";"0";"0";-1000000000;-5000;5000;"Init droit RTT annuel en jours";"Init droit RTT en J.";"6767B4   FFFFFF";"OSDF";448;"    N";"1";"0";" ";"2";"0";"0";"0";"1";"0";0;"0";"0";"0";"0";"0";04/12/2020;"PACKAGE";01/01/1900;" ";31/05/2023;" ";" ";" ";" ";" ";"0";"0";"0";" ";"0";"0";"0";"0";"0";"0";"0";"0";"0";" ";" ";" ";"0";"0";" ";" ";" ";" ";" ";" ";" ";" "
"ZSJRF";" ";"C";"CO";" ";"0";"0";-1000000000;-1000000000;1000000000;"Init solde repos N-1 Forfait jours";"Init sol repo N-1 FJ";"6767B4   FFFFFF";"OSDF";448;"    N";"1";"0";" ";"2";"0";"0";"0";"1";"0";0;"0";"0";"0";"0";"0";13/02/2025;"111111";01/01/1900;" ";01/01/1900;" ";" ";" ";" ";" ";"0";"0";"0";" ";"0";"0";"0";"0";"0";"0";"0";"0";"0";" ";" ";" ";"0";"0";" ";" ";" ";" ";" ";" ";" ";" "
"ZTCKR";" ";"C";"CO";" ";"0";"0";-1000000000;0;100;"Init ticket restaurant";"Init ticket restaura";"6767B4   FFFFFF";"OSDF";448;"    N";"1";"0";" ";"2";"0";"0";" ";"1";" ";0;" ";" ";"0";" ";"0";04/12/2020;"PACKAGE";01/01/1900;" ";01/01/1900;" ";" ";" ";" ";" ";"0";"0";"0";"0";"0";"0";"0";"0";"0";"0";"0";"0";"0";" ";" ";" ";"0";"0";" ";" ";" ";" ";" ";" ";" ";" "
"ZTRV";" ";"C";"CO";" ";"0";"0";-1000000000;0;700;"Init nombre de jours travaillés hebdo";"Init nbr j.trv hebdo";"6767B4   FFFFFF";"OSDF";448;"    N";"1";"0";" ";"2";"0";"0";" ";"1";" ";0;" ";" ";"0";" ";"0";04/12/2020;"PACKAGE";01/01/1900;" ";01/01/1900;" ";" ";" ";" ";" ";"0";"0";"0";" ";"0";"0";"0";"0";"0";"0";"0";"0";"0";" ";" ";" ";"0";"0";" ";" ";" ";" ";" ";" ";" ";" "
"ZMACSE";" ";"C";"CO";" ";"0";"0";-1000000000;0;0;"Majoration CSE mensuelle";"Majoration CSE mens.";"6767B4   FFFFFF";"OSDF";448;"    N";"1";"0";" ";"2";"0";"0";"0";"1";"0";0;"0";" ";"0";" ";"0";04/12/2020;"PACKAGE";01/01/1900;" ";23/07/2025;" ";" ";" ";" ";" ";"0";"0";"0";" ";"0";" ";"0";"0";"0";"0";"0";"0";"0";" ";" ";" ";"0";"0";" ";" ";" ";" ";" ";" ";" ";" "
"XTTHEB";" ";"C";"CO";" ";"0";"0";-1000000000;0;99900;"Maj télétravail hebdomadaire";"Maj Télétrav. Heb";"6767B4   FFFFFF";"OSDF";448;"    N";"1";"0";" ";"2";"0";"0";"0";"1";"0";0;"0";"0";"0";"0";"0";08/04/2025;"111111";01/01/1900;" ";01/01/1900;" ";" ";" ";" ";" ";"0";"0";"0";" ";"0";"0";"0";"0";"0";"0";"0";"0";"0";" ";" ";" ";"0";"0";" ";" ";" ";" ";" ";" ";" ";" "
"XHSCET";" ";"C";"CO";" ";"0";"0";-1000000000;-5000;5000;"Maj CET ( par des HS)";"maj CET (HS)";"6767B4   FFFFFF";"OSDF";448;"    N";"1";"0";" ";"2";"0";"0";" ";"1";" ";0;" ";" ";"0";" ";"0";04/12/2020;"PACKAGE";01/01/1900;" ";01/01/1900;" ";" ";" ";" ";" ";"0";"0";"0";" ";"0";"0";"0";"0";"0";"0";"0";"0";"0";" ";" ";" ";"0";"0";" ";" ";" ";" ";" ";" ";" ";" "
"ZDCSUP";" ";"C";"CO";" ";"0";"0";-1000000000;0;5000;"Initialisation droit CSUP";"Init droit CSUP";"6767B4   FFFFFF";"OSDF";448;"    N";"1";"0";" ";"2";"0";"0";"0";"1";"0";0;"0";"0";"0";"0";"0";31/05/2023;"111111";31/05/2023;"111111";01/01/1900;" ";" ";" ";" ";" ";"0";"0";"0";" ";"0";" ";"0";"0";"0";"0";"0";"0";"0";" ";" ";" ";"0";"0";" ";" ";" ";" ";" ";" ";" ";" "
"XCPSAM";" ";"C";"CO";" ";"0";"0";-1000000000;0;99900;"Maj congés samedi";"Maj congés samedi";"6767B4   FFFFFF";"OSDF";448;"    N";"1";"0";" ";"2";"0";"0";" ";"1";" ";0;" ";" ";"0";" ";"0";04/12/2020;"PACKAGE";01/01/1900;" ";01/01/1900;" ";" ";" ";" ";" ";"0";"0";"0";" ";"0";"0";"0";"0";"0";"0";"0";"0";"0";" ";" ";" ";"0";"0";" ";" ";" ";" ";" ";" ";" ";" "
"ZCPSAM";" ";"C";"CO";" ";"0";"0";-1000000000;0;99900;"Init. congés samedi";"Init. congés samedi";"6767B4   FFFFFF";"OSDF";448;"    N";"1";"0";" ";"2";"0";"0";" ";"1";" ";0;" ";" ";"0";" ";"0";04/12/2020;"PACKAGE";01/01/1900;" ";01/01/1900;" ";" ";" ";" ";" ";"0";"0";"0";" ";"0";"0";"0";"0";"0";"0";"0";"0";"0";" ";" ";" ";"0";"0";" ";" ";" ";" ";" ";" ";" ";" "
"ZNBNUIT";" ";"C";"CO";" ";"0";"0";-1000000000;-1000000000;1000000000;"Init nombre de nuit pour pénibilité";"Init nbr nuit péni.";"6767B4   FFFFFF";"OSDF";448;"    N";"1";"0";" ";"2";"0";"0";"0";"1";"0";0;"0";"0";"0";"0";"0";08/04/2025;"111111";30/06/2025;"111111";01/01/1900;" ";" ";" ";" ";" ";"0";"0";"0";" ";"0";"0";"0";"0";"0";"0";"0";"0";"0";" ";" ";" ";"0";"0";" ";" ";" ";" ";" ";" ";" ";" "
"ZDIVDON";" ";"C";"CO";" ";"0";"0";-1000000000;0;5000;"Init don CP/CET/RTT";"Init don CP/CET/RTT";"6767B4   FFFFFF";"OSDF";448;"    N";"1";"0";" ";"2";"0";"0";"0";"1";"0";0;"0";"0";"0";"0";"0";04/12/2020;"PACKAGE";01/01/1900;" ";01/01/1900;" ";" ";" ";" ";" ";"0";"0";"0";" ";"0";" ";"0";"0";"0";"0";"0";"0";"0";" ";" ";" ";"0";"0";" ";" ";" ";" ";" ";" ";" ";" "
"ZDONABS";" ";"C";"CO";" ";"0";"0";-1000000000;0;5000;"Init solde don absences";"Init solde don abs";"6767B4   FFFFFF";"OSDF";448;"    N";"1";"0";" ";"2";"0";"0";"0";"1";"0";0;" ";" ";"0";" ";"0";04/12/2020;"PACKAGE";01/01/1900;" ";25/05/2023;" ";" ";" ";" ";" ";"0";"0";"0";" ";"0";" ";"0";"0";"0";"0";"0";"0";"0";" ";" ";" ";"0";"0";" ";" ";" ";" ";" ";" ";" ";" "
"ZDRCP";" ";"C";"CO";" ";"0";"0";-1000000000;-5000;5000;"Init Droit rel CP";"Init Droit rel CP";"6767B4   FFFFFF";"OSDF";448;"    N";"1";"0";" ";"2";"0";"0";"0";"1";"0";0;"0";"0";"0";"0";"0";13/02/2025;"111111";01/01/1900;" ";01/01/1900;" ";" ";" ";" ";" ";"0";"0";"0";" ";"0";"0";"0";"0";"0";"0";"0";"0";"0";" ";" ";" ";"0";"0";" ";" ";" ";" ";" ";" ";" ";" "
"ZJTEAFJ";" ";"C";"CO";" ";"0";"0";-1000000000;-1000000000;1000000000;"Init nbJ travail effectif annuels FJ";"Init nbJ trav eff FJ";"6767B4   FFFFFF";"OSDF";448;"    N";"1";"0";" ";"2";"0";"0";"0";"1";"0";0;"0";"0";"0";"0";"0";13/02/2025;"111111";01/01/1900;" ";01/01/1900;" ";" ";" ";" ";" ";"0";"0";"0";" ";"0";"0";"0";"0";"0";"0";"0";"0";"0";" ";" ";" ";"0";"0";" ";" ";" ";" ";" ";" ";" ";" "
"ZNBJMCP";" ";"C";"CO";" ";"0";"0";-1000000000;-1000000000;1000000000;"Init Nb jrs maintien acquisition CP";"Init maintien acq";"6767B4   FFFFFF";"OSDF";448;"    N";"1";"0";" ";"2";"0";"0";"0";"1";"0";0;"0";"0";"0";"0";"0";13/02/2025;"111111";10/03/2025;"111111";01/01/1900;" ";" ";" ";" ";" ";"0";"0";"0";" ";"0";"0";"0";"0";"0";"0";"0";"0";"0";" ";" ";" ";"0";"0";" ";" ";" ";" ";" ";" ";" ";" "
"ZNBN";" ";"C";"CO";" ";"0";"0";-1000000000;0;36500;"Init nombre de nuits";"Init nombre de nuits";"6767B4   FFFFFF";"OSDF";448;"    N";"1";"0";" ";"2";"0";"0";" ";"1";" ";0;" ";" ";"0";" ";"0";04/12/2020;"PACKAGE";01/01/1900;" ";01/01/1900;" ";" ";" ";" ";" ";"0";"0";"0";" ";"0";"0";"0";"0";"0";"0";"0";"0";"0";" ";" ";" ";"0";"0";" ";" ";" ";" ";" ";" ";" ";" "
