LANGUE;MODULE;FONCT;NUMERO;GRAVITES;GRAVITEP;LIBS;LIBP
"F";"HR";"ANO";"0180";"8";"8";"Minimum légal temps partiel non respecté";"Minimum légal temps partiel non respecté"
"F";"HR";"ANO";"0181";"8";"8";"Départ et retour mission supérieurs à la fin de la plage mission autorisée";"Départ et retour mission supérieurs à la fin de la plage mission autorisée"
"F";"HR";"ANO";"0195";"5";"5";"Repos quotidien inférieur à 9h";"Repos quotidien inférieur à 9h"
"F";"HR";"ANO";"0237";" ";" ";" ";" "
"F";"HR";"ANO";"0238";" ";" ";" ";" "
"F";"HR";"ANO";"0239";" ";" ";" ";" "
"F";"HR";"ANO";"0185";"9";"9";"Solde congés ancienneté insuffisant pour transfert en CET";"Solde congés ancienneté insuffisant pour transfert en CET"
"F";"HR";"ANO";"0186";"9";"9";"Solde congés fractionnement insuffisant pour transfert en CET";"Solde congés fractionnement insuffisant pour transfert en CET"
"F";"HR";"ANO";"0055";"5";" ";"(+-)";"XXXXXXXXXX"
"F";"HR";"ANO";"0108";"5";"5";"Débit de la période inférieur au seuil minimum";"Débit de la période inférieur au seuil minimum"
"F";"HR";"ANO";"0060";" ";" ";"XXXXXXXXXX Compteur de temps imputé (HJOU)";"IJQHANAIMP"
"F";"HR";"ANO";"0000";" ";" ";"Anomalies du calcul";" "
"F";"HR";"ANO";"0001";"5";" ";"Badgeage en entrée à une heure de présence interdite";" "
"F";"HR";"ANO";"0002";"5";" ";"Badgeage en sortie à une heure de présence interdite";" "
"F";"HR";"ANO";"0003";"5";" ";"Badgeage en entrée à une heure de présence obligatoire";" "
"F";"HR";"ANO";"0004";"5";" ";"Badgeage en sortie à une heure de présence obligatoire";" "
"F";"HR";"ANO";"0005";"5";" ";"Badgeage sur un lecteur interdit";" "
"F";"HR";"ANO";"0006";"5";" ";"Le badgeage validé est supérieur au badgeage réel suivant";" "
"F";"HR";"ANO";"0007";"5";" ";"Le badgeage validé est inférieur au badgeage réel précédent";" "
"F";"HR";"ANO";"0008";"5";" ";"Badgeage d'un employé inconnu";" "
"F";"HR";"ANO";"0009";"5";" ";"Badgeage dans la même minute";" "
"F";"HR";"ANO";"0010";"5";" ";"Badgeage d'accès refusé";" "
"F";"HR";"ANO";"0011";"5";" ";"Badgeage de présence sur lieu non autorisé";" "
"F";"HR";"ANO";"0012";"5";" ";"Le profil a été changé par l'attribution automatique";" "
"F";"HR";"ANO";"0013";"9";" ";"Un compteur est en débordement";" "
"F";"HR";"ANO";"0014";"9";" ";"Erreur de conversion décimale";" "
"F";"HR";"ANO";"0015";"8";" ";"Badgeages validés égaux";" "
"F";"HR";"ANO";"0016";" ";" ";"Badgeage sur plage interdite";" "
"F";"HR";"ANO";"0017";" ";" ";"Badgeage sur plage obligatoire";" "
"F";"HR";"ANO";"0018";" ";" ";"Employé absent demi-journée sans justificatif";" "
"F";"HR";"ANO";"0019";" ";" ";"Anomalies coupure déjeuner";" "
"F";"HR";"ANO";"0020";" ";" ";"Ecrétage journalier";" "
"F";"HR";"ANO";"0021";"9";" ";"Journée sans contrat administratif";" "
"F";"HR";"ANO";"0022";" ";" ";" ";" "
"F";"HR";"ANO";"0023";" ";" ";" ";" "
"F";"HR";"ANO";"0024";" ";" ";" ";" "
"F";"HR";"ANO";"0025";" ";" ";" ";" "
"F";"HR";"ANO";"0026";" ";" ";" ";" "
"F";"HR";"ANO";"0027";" ";" ";" ";" "
"F";"HR";"ANO";"0028";" ";" ";" ";" "
"F";"HR";"ANO";"0029";" ";" ";"Table de correspondance pour le récapitulatif des anomalies";" "
"F";"HR";"ANO";"0031";"5";" ";"1,2:16";" "
"F";"HR";"ANO";"0032";"5";" ";"3,4:17";" "
"F";"HR";"ANO";"0033";"9";" ";"101";" "
"F";"HR";"ANO";"0034";"5";" ";"106";" "
"F";"HR";"ANO";"0035";"9";" ";"103,122:103";" "
"F";"HR";"ANO";"0036";"8";" ";"125,126:18";" "
"F";"HR";"ANO";"0037";"5";" ";"114,115,121:19";" "
"F";"HR";"ANO";"0038";"6";" ";"116";" "
"F";"HR";"ANO";"0039";"6";" ";"117";" "
"F";"HR";"ANO";"0040";"5";" ";"104,105:20";" "
"F";"HR";"ANO";"0041";"9";" ";"118,119,120,123:118";" "
"F";"HR";"ANO";"0042";"9";" ";"124";" "
"F";"HR";"ANO";"0043";"5";" ";"5,8,10,11:10";" "
"F";"HR";"ANO";"0044";" ";" ";"0";" "
"F";"HR";"ANO";"0045";" ";" ";"0";" "
"F";"HR";"ANO";"0046";" ";" ";"0";" "
"F";"HR";"ANO";"0047";" ";" ";" ";" "
"F";"HR";"ANO";"0048";" ";" ";" ";" "
"F";"HR";"ANO";"0049";" ";" ";" ";" "
"F";"HR";"ANO";"0050";"5";" ";"ANOMALIES ANALYTIQUE";" "
"F";"HR";"ANO";"0051";"5";" ";"Centre de charge inexistant";" "
"F";"HR";"ANO";"0052";"5";" ";"La reconduite est impossible";" "
"F";"HR";"ANO";"0053";"5";" ";"Le centre de charge doit être pointé";" "
"F";"HR";"ANO";"0058";" ";" ";"(F)";" "
"F";"HR";"ANO";"0059";" ";" ";"(-)";" "
"F";"HR";"ANO";"0061";"5";" ";"Les badgeages théoriques du profil sont incorrects";" "
"F";"HR";"ANO";"0062";" ";" ";" ";" "
"F";"HR";"ANO";"0063";" ";" ";" ";" "
"F";"HR";"ANO";"0064";" ";" ";" ";" "
"F";"HR";"ANO";"0065";" ";" ";" ";" "
"F";"HR";"ANO";"0066";" ";" ";" ";" "
"F";"HR";"ANO";"0067";" ";" ";" ";" "
"F";"HR";"ANO";"0068";" ";" ";" ";" "
"F";"HR";"ANO";"0069";" ";" ";" ";" "
"F";"HR";"ANO";"0070";"5";" ";"ANOMALIES ATLAS";" "
"F";"HR";"ANO";"0071";"5";" ";"Donnée non définie";" "
"F";"HR";"ANO";"0072";"5";" ";"Format incorrect";" "
"F";"HR";"ANO";"0073";"5";" ";"Hors des limites";" "
"F";"HR";"ANO";"0074";"5";" ";"Date incorrecte";" "
"F";"HR";"ANO";"0075";"5";" ";"Mal renseignée";" "
"F";"HR";"ANO";"0076";"5";" ";"Doit être numérique";" "
"F";"HR";"ANO";"0077";"5";" ";"Longueur incorrecte";" "
"F";"HR";"ANO";"0078";"5";" ";"Voir liste de ctrl.";" "
"F";"HR";"ANO";"0079";" ";" ";" ";" "
"F";"HR";"ANO";"0080";"5";" ";"Anomalies ATLAS";" "
"F";"HR";"ANO";"0081";" ";" ";" ";" "
"F";"HR";"ANO";"0082";" ";" ";" ";" "
"F";"HR";"ANO";"0083";"5";" ";"Déclaration interdite";" "
"F";"HR";"ANO";"0030";" ";" ";"XXXXXXXXXX Compteur de présence à afficher";"IJQPRESBAJ"
"F";"HR";"ANO";"0054";"5";"5";"XXXXXXXXXX Indicateur de suivi des heures supp pour l'analytique (MOTI)";"IJQHANAVEN"
"F";"HR";"ANO";"0056";" ";" ";" ";"XXXXXXXXXX"
"F";"HR";"ANO";"0057";"5";"5";"XXXXXXXXXX Indicateur d'export de la répartition par section (HJOU)";"XXXXXXXXXX"
"F";"HR";"ANO";"0084";"5";" ";"Une ou plusieurs valeurs sont en erreur";" "
"F";"HR";"ANO";"0085";"5";" ";"Déclaration acquise en mode dégradé";" "
"F";"HR";"ANO";"0086";" ";" ";"TRIGGER";" "
"F";"HR";"ANO";"0087";" ";" ";"TRIGGER";" "
"F";"HR";"ANO";"0088";" ";" ";"TRIGGER";" "
"F";"HR";"ANO";"0089";" ";" ";"TRIGGER";" "
"F";"HR";"ANO";"0090";" ";" ";"TRIGGER";" "
"F";"HR";"ANO";"0091";" ";" ";"TRIGGER";" "
"F";"HR";"ANO";"0092";" ";" ";"TRIGGER";" "
"F";"HR";"ANO";"0093";" ";" ";"TRIGGER";" "
"F";"HR";"ANO";"0094";" ";" ";"TRIGGER";" "
"F";"HR";"ANO";"0095";" ";" ";"TRIGGER";" "
"F";"HR";"ANO";"0096";" ";" ";"TRIGGER";" "
"F";"HR";"ANO";"0097";" ";" ";"TRIGGER";" "
"F";"HR";"ANO";"0098";" ";" ";"TRIGGER";" "
"F";"HR";"ANO";"0099";" ";" ";"TRIGGER";" "
"F";"HR";"ANO";"0100";" ";" ";"TRIGGER";" "
"F";"HR";"ANO";"0102";" ";" ";" ";" "
"F";"HR";"ANO";"0107";" ";" ";" ";" "
"F";"HR";"ANO";"0122";" ";" ";" ";" "
"F";"HR";"ANO";"0128";" ";" ";" ";" "
"F";"HR";"ANO";"0129";" ";" ";" ";" "
"F";"HR";"ANO";"0137";" ";" ";" ";" "
"F";"HR";"ANO";"0145";" ";" ";" ";" "
"F";"HR";"ANO";"0146";" ";" ";" ";" "
"F";"HR";"ANO";"0148";" ";" ";" ";" "
"F";"HR";"ANO";"0197";" ";" ";" ";" "
"F";"HR";"ANO";"0200";" ";" ";" ";" "
"F";"HR";"ANO";"0231";" ";" ";" ";" "
"F";"HR";"ANO";"0232";" ";" ";" ";" "
"F";"HR";"ANO";"0233";" ";" ";" ";" "
"F";"HR";"ANO";"0234";" ";" ";" ";" "
"F";"HR";"ANO";"0235";" ";" ";" ";" "
"F";"HR";"ANO";"0236";" ";" ";" ";" "
"F";"HR";"ANO";"0116";"6";"6";"Présence supérieure au maximum";"Présence supérieure au maximum"
"F";"HR";"ANO";"0104";"4";"4";"Ecrétage du crédit/débit journalier";"Ecrétage du crédit/débit journalier"
"F";"HR";"ANO";"0101";"9";"9";"Il manque un badgeage en sortie";"Il manque un badgeage en sortie"
"F";"HR";"ANO";"0192";"9";"9";"Heures non majorées payées négatives";"Heures non majorées payées négatives"
"F";"HR";"ANO";"0206";"8";"8";"Date de fin de mandat DS non renseignée";"Date de fin de mandat DS non renseignée"
"F";"HR";"ANO";"0212";"8";"8";"Date de début de mandat DFS non renseignée";"Date de début de mandat DFS non renseignée"
"F";"HR";"ANO";"0226";"9";"9";"Solde récup HS/HC insuffisant";"Solde récup HS/HC insuffisant"
"F";"HR";"ANO";"0134";"5";"5";"Prise de congés anticipés";"Prise de congés anticipés"
"F";"HR";"ANO";"0154";"5";"5";"Crédit du temps de pause seconde plage";"Crédit du temps de pause seconde plage"
"F";"HR";"ANO";"0182";"9";"9";"Solde RC nuit insuffisant";"Solde RC nuit insuffisant"
"F";"HR";"ANO";"0188";"9";"9";"Solde don jours d'absences insuffisant";"Solde don jours d'absences insuffisant"
"F";"HR";"ANO";"0198";"8";"8";"Solde congé payé insuffisant";"Solde congé payé insuffisant"
"F";"HR";"ANO";"0213";"8";"8";"Pas de mandat délégation DFS";"Pas de mandat délégation DFS"
"F";"HR";"ANO";"0125";"8";"8";"Employé absent matin sans justificatif";"Employé absent matin sans justificatif"
"F";"HR";"ANO";"0141";"5";"5";"Crédit du temps de pause première plage";"Crédit du temps de pause première plage"
"F";"HR";"ANO";"0158";"9";"9";"Solde RTT en jours insuffisant pour transfert en CET";"Solde RTT en jours insuffisant pour transfert en CET"
"F";"HR";"ANO";"0170";"5";"5";"Visite médicale à prévoir";"Visite médicale à prévoir"
"F";"HR";"ANO";"0178";"8";"8";"Le nombre de CP samedi à prendre n'est pas respecté";"Le nombre de CP samedi à prendre n'est pas respecté"
"F";"HR";"ANO";"0201";"5";"5";"Dépassement convention de forfait";"Dépassement convention de forfait"
"F";"HR";"ANO";"0215";"7";"7";"Solde mensuel délégation CSE négatif";"Solde mensuel délégation CSE négatif"
"F";"HR";"ANO";"0223";"5";"5";"Pas de retour sur une sortie pause";"Pas de retour sur une sortie pause"
"F";"HR";"ANO";"0118";"8";"8";"Badgeages pour employé présumé absent";"Badgeages pour employé présumé absent"
"F";"HR";"ANO";"0124";"9";"9";"Incohérence dans la saisie des absences";"Incohérence dans la saisie des absences"
"F";"HR";"ANO";"0133";"5";"5";"l'amplitude journalière est supérieure au maximum";"l'amplitude journalière est supérieure au maximum"
"F";"HR";"ANO";"0139";"5";"5";"Crédit du temps de pause forfaitaire première plage";"Crédit du temps de pause forfaitaire première plage"
"F";"HR";"ANO";"0152";"5";"5";"Absence de badgeage en pause seconde plage";"Absence de badgeage en pause seconde plage"
"F";"HR";"ANO";"0161";"5";"5";"Au-delà de 6 heures de travail minimum, une pause est obligatoire";"Au-delà de 6 heures de travail minimum, une pause est obligatoire"
"F";"HR";"ANO";"0171";"8";"8";"Dépassement de l'horaire hebdomadaire temps plein";"Dépassement de l'horaire hebdomadaire temps plein"
"F";"HR";"ANO";"0174";"5";"5";"Temps analytique imputé inférieur au temps à ventiler";"Temps analytique imputé inférieur au temps à ventiler"
"F";"HR";"ANO";"0230";"9";"9";"Saisie consigne CP incohérente calcul impossible";"Saisie consigne CP incohérente calcul impossible"
"F";"HR";"ANO";"0193";"9";"9";"Droit enfant malade supérieur au maximum";"Droit enfant malade supérieur au maximum"
"F";"HR";"ANO";"0202";"5";"5";"Solde RFJ négatif";"Solde RFJ négatif"
"F";"HR";"ANO";"0204";"5";"5";"Dépassement seuil maximal quotidien nombre de jours de travail effectif FJ";"Dépassement seuil maximal quotidien nombre de jours de travail effectif FJ"
"F";"HR";"ANO";"0214";"8";"8";"Solde délégation DFS insuffisant";"Solde délégation DFS insuffisant"
"F";"HR";"ANO";"0222";"5";"5";"Vérifier le paramétrage du profil dynamique (7 plages obligatoires maximum)";"Vérifier le paramétrage du profil dynamique (7 plages obligatoires maximum)"
"F";"HR";"ANO";"0227";"9";"9";"Anomalie de saisie Forfait jour";"Anomalie de saisie Forfait jour"
"F";"HR";"ANO";"0112";"5";"5";"Limitation du crédit/débit à sa valeur maximum";"Limitation du crédit/débit à sa valeur maximum"
"F";"HR";"ANO";"0110";"5";"5";"Heures excédentaires en entrée";"Heures excédentaires en entrée"
"F";"HR";"ANO";"0117";"6";"6";"Présence inférieure au minimum";"Présence inférieure au minimum"
"F";"HR";"ANO";"0140";"5";"5";"Retrait du complément de temps de pause première plage";"Retrait du complément de temps de pause première plage"
"F";"HR";"ANO";"0159";"8";"8";"Plus de 6 jours consécutifs de travail dans la semaine";"Plus de 6 jours consécutifs de travail dans la semaine"
"F";"HR";"ANO";"0172";"8";"8";"Maladie sur Congé : congé reporté dans les reliquats";"Maladie sur Congé : congé reporté dans les reliquats"
"F";"HR";"ANO";"0187";"9";"9";"Don congés supérieur au maximum";"Don congés supérieur au maximum"
"F";"HR";"ANO";"0240";" ";" ";" ";" "
"F";"HR";"ANO";"0241";" ";" ";" ";" "
"F";"HR";"ANO";"0242";" ";" ";" ";" "
"F";"HR";"ANO";"0243";" ";" ";" ";" "
"F";"HR";"ANO";"0244";" ";" ";" ";" "
"F";"HR";"ANO";"0245";" ";" ";" ";" "
"F";"HR";"ANO";"0246";" ";" ";" ";" "
"F";"HR";"ANO";"0247";" ";" ";" ";" "
"F";"HR";"ANO";"0248";" ";" ";" ";" "
"F";"HR";"ANO";"0249";" ";" ";" ";" "
"F";"HR";"ANO";"0250";" ";" ";" ";" "
"F";"HR";"ANO";"0251";" ";" ";" ";" "
"F";"HR";"ANO";"0252";" ";" ";" ";" "
"F";"HR";"ANO";"0253";" ";" ";" ";" "
"F";"HR";"ANO";"0254";" ";" ";" ";" "
"F";"HR";"ANO";"0255";" ";" ";" ";" "
"F";"HR";"ANO";"0256";" ";" ";" ";" "
"F";"HR";"ANO";"0258";" ";" ";" ";" "
"F";"HR";"ANO";"0259";" ";" ";" ";" "
"F";"HR";"ANO";"0260";" ";" ";" ";" "
"F";"HR";"ANO";"0261";" ";" ";" ";" "
"F";"HR";"ANO";"0262";" ";" ";" ";" "
"F";"HR";"ANO";"0263";" ";" ";" ";" "
"F";"HR";"ANO";"0264";" ";" ";" ";" "
"F";"HR";"ANO";"0265";" ";" ";" ";" "
"F";"HR";"ANO";"0266";" ";" ";" ";" "
"F";"HR";"ANO";"0267";" ";" ";" ";" "
"F";"HR";"ANO";"0268";" ";" ";" ";" "
"F";"HR";"ANO";"0269";" ";" ";" ";" "
"F";"HR";"ANO";"0270";" ";" ";" ";" "
"F";"HR";"ANO";"0271";" ";" ";" ";" "
"F";"HR";"ANO";"0272";" ";" ";" ";" "
"F";"HR";"ANO";"0273";" ";" ";" ";" "
"F";"HR";"ANO";"0274";" ";" ";" ";" "
"F";"HR";"ANO";"0275";" ";" ";" ";" "
"F";"HR";"ANO";"0276";" ";" ";" ";" "
"F";"HR";"ANO";"0277";" ";" ";" ";" "
"F";"HR";"ANO";"0278";" ";" ";" ";" "
"F";"HR";"ANO";"0279";" ";" ";" ";" "
"F";"HR";"ANO";"0280";" ";" ";" ";" "
"F";"HR";"ANO";"0281";" ";" ";" ";" "
"F";"HR";"ANO";"0282";" ";" ";" ";" "
"F";"HR";"ANO";"0283";" ";" ";" ";" "
"F";"HR";"ANO";"0284";" ";" ";" ";" "
"F";"HR";"ANO";"0285";" ";" ";" ";" "
"F";"HR";"ANO";"0286";" ";" ";" ";" "
"F";"HR";"ANO";"0287";" ";" ";" ";" "
"F";"HR";"ANO";"0288";" ";" ";" ";" "
"F";"HR";"ANO";"0289";" ";" ";" ";" "
"F";"HR";"ANO";"0290";" ";" ";" ";" "
"F";"HR";"ANO";"0291";" ";" ";" ";" "
"F";"HR";"ANO";"0292";" ";" ";" ";" "
"F";"HR";"ANO";"0293";" ";" ";" ";" "
"F";"HR";"ANO";"0294";" ";" ";" ";" "
"F";"HR";"ANO";"0295";" ";" ";" ";" "
"F";"HR";"ANO";"0296";" ";" ";" ";" "
"F";"HR";"ANO";"0297";" ";" ";" ";" "
"F";"HR";"ANO";"0298";" ";" ";" ";" "
"F";"HR";"ANO";"0299";" ";" ";" ";" "
"F";"HR";"ANO";"0300";" ";" ";" ";" "
"F";"HR";"ANO";"0301";" ";" ";" ";" "
"F";"HR";"ANO";"0302";" ";" ";" ";" "
"F";"HR";"ANO";"0303";" ";" ";" ";" "
"F";"HR";"ANO";"0304";" ";" ";" ";" "
"F";"HR";"ANO";"0305";" ";" ";" ";" "
"F";"HR";"ANO";"0306";" ";" ";" ";" "
"F";"HR";"ANO";"0307";" ";" ";" ";" "
"F";"HR";"ANO";"0308";" ";" ";" ";" "
"F";"HR";"ANO";"0309";" ";" ";" ";" "
"F";"HR";"ANO";"0310";" ";" ";" ";" "
"F";"HR";"ANO";"0311";" ";" ";" ";" "
"F";"HR";"ANO";"0312";" ";" ";" ";" "
"F";"HR";"ANO";"0313";" ";" ";" ";" "
"F";"HR";"ANO";"0314";" ";" ";" ";" "
"F";"HR";"ANO";"0315";" ";" ";" ";" "
"F";"HR";"ANO";"0316";" ";" ";" ";" "
"F";"HR";"ANO";"0317";" ";" ";" ";" "
"F";"HR";"ANO";"0318";" ";" ";" ";" "
"F";"HR";"ANO";"0319";" ";" ";" ";" "
"F";"HR";"ANO";"0320";" ";" ";" ";" "
"F";"HR";"ANO";"0321";" ";" ";" ";" "
"F";"HR";"ANO";"0322";" ";" ";" ";" "
"F";"HR";"ANO";"0323";" ";" ";" ";" "
"F";"HR";"ANO";"0324";" ";" ";" ";" "
"F";"HR";"ANO";"0325";" ";" ";" ";" "
"F";"HR";"ANO";"0326";" ";" ";" ";" "
"F";"HR";"ANO";"0327";" ";" ";" ";" "
"F";"HR";"ANO";"0328";" ";" ";" ";" "
"F";"HR";"ANO";"0329";" ";" ";" ";" "
"F";"HR";"ANO";"0330";" ";" ";" ";" "
"F";"HR";"ANO";"0331";" ";" ";" ";" "
"F";"HR";"ANO";"0332";" ";" ";" ";" "
"F";"HR";"ANO";"0333";" ";" ";" ";" "
"F";"HR";"ANO";"0334";" ";" ";" ";" "
"F";"HR";"ANO";"0335";" ";" ";" ";" "
"F";"HR";"ANO";"0336";" ";" ";" ";" "
"F";"HR";"ANO";"0337";" ";" ";" ";" "
"F";"HR";"ANO";"0338";" ";" ";" ";" "
"F";"HR";"ANO";"0339";" ";" ";" ";" "
"F";"HR";"ANO";"0340";" ";" ";" ";" "
"F";"HR";"ANO";"0341";" ";" ";" ";" "
"F";"HR";"ANO";"0342";" ";" ";" ";" "
"F";"HR";"ANO";"0343";" ";" ";" ";" "
"F";"HR";"ANO";"0344";" ";" ";" ";" "
"F";"HR";"ANO";"0345";" ";" ";" ";" "
"F";"HR";"ANO";"0346";" ";" ";" ";" "
"F";"HR";"ANO";"0347";" ";" ";" ";" "
"F";"HR";"ANO";"0348";" ";" ";" ";" "
"F";"HR";"ANO";"0349";" ";" ";" ";" "
"F";"HR";"ANO";"0350";" ";" ";" ";" "
"F";"HR";"ANO";"0351";" ";" ";" ";" "
"F";"HR";"ANO";"0352";" ";" ";" ";" "
"F";"HR";"ANO";"0353";" ";" ";" ";" "
"F";"HR";"ANO";"0354";" ";" ";" ";" "
"F";"HR";"ANO";"0355";" ";" ";" ";" "
"F";"HR";"ANO";"0356";" ";" ";" ";" "
"F";"HR";"ANO";"0357";" ";" ";" ";" "
"F";"HR";"ANO";"0358";" ";" ";" ";" "
"F";"HR";"ANO";"0359";" ";" ";" ";" "
"F";"HR";"ANO";"0360";" ";" ";" ";" "
"F";"HR";"ANO";"0361";" ";" ";" ";" "
"F";"HR";"ANO";"0362";" ";" ";" ";" "
"F";"HR";"ANO";"0363";" ";" ";" ";" "
"F";"HR";"ANO";"0364";" ";" ";" ";" "
"F";"HR";"ANO";"0365";" ";" ";" ";" "
"F";"HR";"ANO";"0366";" ";" ";" ";" "
"F";"HR";"ANO";"0367";" ";" ";" ";" "
"F";"HR";"ANO";"0368";" ";" ";" ";" "
"F";"HR";"ANO";"0369";" ";" ";" ";" "
"F";"HR";"ANO";"0370";" ";" ";" ";" "
"F";"HR";"ANO";"0371";" ";" ";" ";" "
"F";"HR";"ANO";"0372";" ";" ";" ";" "
"F";"HR";"ANO";"0373";" ";" ";" ";" "
"F";"HR";"ANO";"0374";" ";" ";" ";" "
"F";"HR";"ANO";"0375";" ";" ";" ";" "
"F";"HR";"ANO";"0376";" ";" ";" ";" "
"F";"HR";"ANO";"0377";" ";" ";" ";" "
"F";"HR";"ANO";"0378";" ";" ";" ";" "
"F";"HR";"ANO";"0379";" ";" ";" ";" "
"F";"HR";"ANO";"0380";" ";" ";" ";" "
"F";"HR";"ANO";"0381";" ";" ";" ";" "
"F";"HR";"ANO";"0382";" ";" ";" ";" "
"F";"HR";"ANO";"0383";" ";" ";" ";" "
"F";"HR";"ANO";"0384";" ";" ";" ";" "
"F";"HR";"ANO";"0385";" ";" ";" ";" "
"F";"HR";"ANO";"0386";" ";" ";" ";" "
"F";"HR";"ANO";"0387";" ";" ";" ";" "
"F";"HR";"ANO";"0388";" ";" ";" ";" "
"F";"HR";"ANO";"0389";" ";" ";" ";" "
"F";"HR";"ANO";"0390";" ";" ";" ";" "
"F";"HR";"ANO";"0391";" ";" ";" ";" "
"F";"HR";"ANO";"0392";" ";" ";" ";" "
"F";"HR";"ANO";"0393";" ";" ";" ";" "
"F";"HR";"ANO";"0394";" ";" ";" ";" "
"F";"HR";"ANO";"0395";" ";" ";" ";" "
"F";"HR";"ANO";"0396";" ";" ";" ";" "
"F";"HR";"ANO";"0397";" ";" ";" ";" "
"F";"HR";"ANO";"0398";" ";" ";" ";" "
"F";"HR";"ANO";"0399";" ";" ";" ";" "
"F";"HR";"ANO";"0400";" ";" ";" ";" "
"F";"HR";"ANO";"0401";" ";" ";" ";" "
"F";"HR";"ANO";"0402";" ";" ";" ";" "
"F";"HR";"ANO";"0403";" ";" ";" ";" "
"F";"HR";"ANO";"0404";" ";" ";" ";" "
"F";"HR";"ANO";"0405";" ";" ";" ";" "
"F";"HR";"ANO";"0406";" ";" ";" ";" "
"F";"HR";"ANO";"0407";" ";" ";" ";" "
"F";"HR";"ANO";"0408";" ";" ";" ";" "
"F";"HR";"ANO";"0409";" ";" ";" ";" "
"F";"HR";"ANO";"0410";" ";" ";" ";" "
"F";"HR";"ANO";"0411";" ";" ";" ";" "
"F";"HR";"ANO";"0412";" ";" ";" ";" "
"F";"HR";"ANO";"0413";" ";" ";" ";" "
"F";"HR";"ANO";"0414";" ";" ";" ";" "
"F";"HR";"ANO";"0415";" ";" ";" ";" "
"F";"HR";"ANO";"0416";" ";" ";" ";" "
"F";"HR";"ANO";"0417";" ";" ";" ";" "
"F";"HR";"ANO";"0418";" ";" ";" ";" "
"F";"HR";"ANO";"0419";" ";" ";" ";" "
"F";"HR";"ANO";"0420";" ";" ";" ";" "
"F";"HR";"ANO";"0421";" ";" ";" ";" "
"F";"HR";"ANO";"0422";" ";" ";" ";" "
"F";"HR";"ANO";"0423";" ";" ";" ";" "
"F";"HR";"ANO";"0424";" ";" ";" ";" "
"F";"HR";"ANO";"0425";" ";" ";" ";" "
"F";"HR";"ANO";"0426";" ";" ";" ";" "
"F";"HR";"ANO";"0427";" ";" ";" ";" "
"F";"HR";"ANO";"0428";" ";" ";" ";" "
"F";"HR";"ANO";"0429";" ";" ";" ";" "
"F";"HR";"ANO";"0430";" ";" ";" ";" "
"F";"HR";"ANO";"0431";" ";" ";" ";" "
"F";"HR";"ANO";"0432";" ";" ";" ";" "
"F";"HR";"ANO";"0433";" ";" ";" ";" "
"F";"HR";"ANO";"0434";" ";" ";" ";" "
"F";"HR";"ANO";"0435";" ";" ";" ";" "
"F";"HR";"ANO";"0436";" ";" ";" ";" "
"F";"HR";"ANO";"0437";" ";" ";" ";" "
"F";"HR";"ANO";"0438";" ";" ";" ";" "
"F";"HR";"ANO";"0439";" ";" ";" ";" "
"F";"HR";"ANO";"0440";" ";" ";" ";" "
"F";"HR";"ANO";"0441";" ";" ";" ";" "
"F";"HR";"ANO";"0442";" ";" ";" ";" "
"F";"HR";"ANO";"0443";" ";" ";" ";" "
"F";"HR";"ANO";"0444";" ";" ";" ";" "
"F";"HR";"ANO";"0445";" ";" ";" ";" "
"F";"HR";"ANO";"0446";" ";" ";" ";" "
"F";"HR";"ANO";"0447";" ";" ";" ";" "
"F";"HR";"ANO";"0448";" ";" ";" ";" "
"F";"HR";"ANO";"0449";" ";" ";" ";" "
"F";"HR";"ANO";"0450";" ";" ";" ";" "
"F";"HR";"ANO";"0451";" ";" ";" ";" "
"F";"HR";"ANO";"0452";" ";" ";" ";" "
"F";"HR";"ANO";"0453";" ";" ";" ";" "
"F";"HR";"ANO";"0454";" ";" ";" ";" "
"F";"HR";"ANO";"0455";" ";" ";" ";" "
"F";"HR";"ANO";"0456";" ";" ";" ";" "
"F";"HR";"ANO";"0457";" ";" ";" ";" "
"F";"HR";"ANO";"0458";" ";" ";" ";" "
"F";"HR";"ANO";"0459";" ";" ";" ";" "
"F";"HR";"ANO";"0460";" ";" ";" ";" "
"F";"HR";"ANO";"0461";" ";" ";" ";" "
"F";"HR";"ANO";"0462";" ";" ";" ";" "
"F";"HR";"ANO";"0463";" ";" ";" ";" "
"F";"HR";"ANO";"0464";" ";" ";" ";" "
"F";"HR";"ANO";"0465";" ";" ";" ";" "
"F";"HR";"ANO";"0466";" ";" ";" ";" "
"F";"HR";"ANO";"0467";" ";" ";" ";" "
"F";"HR";"ANO";"0468";" ";" ";" ";" "
"F";"HR";"ANO";"0469";" ";" ";" ";" "
"F";"HR";"ANO";"0470";" ";" ";" ";" "
"F";"HR";"ANO";"0471";" ";" ";" ";" "
"F";"HR";"ANO";"0472";" ";" ";" ";" "
"F";"HR";"ANO";"0473";" ";" ";" ";" "
"F";"HR";"ANO";"0474";" ";" ";" ";" "
"F";"HR";"ANO";"0475";" ";" ";" ";" "
"F";"HR";"ANO";"0476";" ";" ";" ";" "
"F";"HR";"ANO";"0477";" ";" ";" ";" "
"F";"HR";"ANO";"0478";" ";" ";" ";" "
"F";"HR";"ANO";"0479";" ";" ";" ";" "
"F";"HR";"ANO";"0480";" ";" ";" ";" "
"F";"HR";"ANO";"0481";" ";" ";" ";" "
"F";"HR";"ANO";"0482";" ";" ";" ";" "
"F";"HR";"ANO";"0483";" ";" ";" ";" "
"F";"HR";"ANO";"0484";" ";" ";" ";" "
"F";"HR";"ANO";"0485";" ";" ";" ";" "
"F";"HR";"ANO";"0486";" ";" ";" ";" "
"F";"HR";"ANO";"0487";" ";" ";" ";" "
"F";"HR";"ANO";"0488";" ";" ";" ";" "
"F";"HR";"ANO";"0489";" ";" ";" ";" "
"F";"HR";"ANO";"0490";" ";" ";" ";" "
"F";"HR";"ANO";"0491";" ";" ";" ";" "
"F";"HR";"ANO";"0492";" ";" ";" ";" "
"F";"HR";"ANO";"0493";" ";" ";" ";" "
"F";"HR";"ANO";"0494";" ";" ";" ";" "
"F";"HR";"ANO";"0495";" ";" ";" ";" "
"F";"HR";"ANO";"0496";" ";" ";" ";" "
"F";"HR";"ANO";"0497";" ";" ";" ";" "
"F";"HR";"ANO";"0498";" ";" ";" ";" "
"F";"HR";"ANO";"0499";" ";" ";" ";" "
"F";"HR";"ANO";"0106";"5";"5";"Nombre de badgeages insuffisant";"Nombre de badgeages insuffisant"
"F";"HR";"ANO";"0183";"7";"7";"Durée du repos hebdomadaire non respecté";"Durée du repos hebdomadaire non respecté"
"F";"HR";"ANO";"0190";"9";"9";"Solde RTT insuffisant pour transfert en don jours d'absence";"Solde RTT insuffisant pour transfert en don jours d'absence"
"F";"HR";"ANO";"0199";"8";"8";"Solde report congé pour maladie insuffisant";"Solde report congé pour maladie insuffisant"
"F";"HR";"ANO";"0208";"8";"8";"Pas de mandat délégation DS";"Pas de mandat délégation DS"
"F";"HR";"ANO";"0217";"7";"7";"Solde annuel délégation CSE négatif";"Solde annuel délégation CSE négatif"
"F";"HR";"ANO";"0225";"6";"6";"Nombre maxi d'heures complémentaires atteint pour ce contrat";"Nombre maxi d'heures complémentaires atteint pour ce contrat"
"F";"HR";"ANO";"0120";"8";"8";"Badgeages pour employé présumé absent l'après-midi";"Badgeages pour employé présumé absent l'après-midi"
"F";"HR";"ANO";"0135";"5";"5";"Solde RTT insuffisant";"Solde RTT insuffisant"
"F";"HR";"ANO";"0157";"8";"8";"Solde CET insuffisant";"Solde CET insuffisant"
"F";"HR";"ANO";"0169";"9";"9";"Solde congés fractionnement insuffisant";"Solde congés fractionnement insuffisant"
"F";"HR";"ANO";"0176";"8";"8";"Visite médicale de reprise à planifier dans les 8 jours";"Visite médicale de reprise à planifier dans les 8 jours"
"F";"HR";"ANO";"0194";"9";"9";"Solde insuffisant";"Solde insuffisant"
"F";"HR";"ANO";"0207";"8";"8";"Date de début de mandat DS non renseignée";"Date de début de mandat DS non renseignée"
"F";"HR";"ANO";"0221";"7";"7";"Valorisation en heures interdite aux forfaits jour";"Valorisation en heures interdite aux forfaits jour"
"F";"HR";"ANO";"0257";"8";"8";"Suspicion d'abandon de poste";"Suspicion d'abandon de poste"
"F";"HR";"ANO";"0121";"6";"6";"Absence de badgeages dans la coupure déjeuner, retrait du maximum";"Absence de badgeages dans la coupure déjeuner, retrait du maximum"
"F";"HR";"ANO";"0132";"5";"5";"Repos quotidien inférieur à 11h00";"Repos quotidien inférieur à 11h00"
"F";"HR";"ANO";"0136";"5";"5";"Nbre de jours RTT employeur supérieur au seuil autorisé";"Nbre de jours RTT employeur supérieur au seuil autorisé"
"F";"HR";"ANO";"0150";"5";"5";"Retrait du temps de pause forfaitaire seconde plage";"Retrait du temps de pause forfaitaire seconde plage"
"F";"HR";"ANO";"0155";"5";"5";"Chevauchement d'absence et d'heures badgées";"Chevauchement d'absence et d'heures badgées"
"F";"HR";"ANO";"0164";"8";"8";"Moins de 18 ans : le nombre d'HS maximum est atteint";"Moins de 18 ans : le nombre d'HS maximum est atteint"
"F";"HR";"ANO";"0168";"8";"8";"Solde congés ancienneté insuffisant";"Solde congés ancienneté insuffisant"
"F";"HR";"ANO";"0175";"5";"5";"Temps analytique imputé supérieur au temps à ventiler";"Temps analytique imputé supérieur au temps à ventiler"
"F";"HR";"ANO";"0147";"5";"5";"Abattement de RTT";"Abattement de RTT"
"F";"HR";"ANO";"0205";"8";"8";"La date de fin de mandat DS est inférieure à la date de début";"La date de fin de mandat DS est inférieure à la date de début"
"F";"HR";"ANO";"0211";"8";"8";"Date de fin de mandat DFS non renseignée";"Date de fin de mandat DFS non renseignée"
"F";"HR";"ANO";"0218";"7";"7";"Dépassement du droit maximum CSE annuel";"Dépassement du droit maximum CSE annuel"
"F";"HR";"ANO";"0229";"8";"8";"Solde congé supplémentaire insuffisant pour transfert en CET";"Solde congé supplémentaire insuffisant pour transfert en CET"
"F";"HR";"ANO";"0114";"5";"5";"Absence en coupure déjeuner inférieure au minimum, retrait du minimum";"Absence en coupure déjeuner inférieure au minimum, retrait du minimum"
"F";"HR";"ANO";"0119";"8";"8";"Badgeages pour employé présumé absent le matin";"Badgeages pour employé présumé absent le matin"
"F";"HR";"ANO";"0126";"8";"8";"Employé absent après-midi sans justificatif";"Employé absent après-midi sans justificatif"
"F";"HR";"ANO";"0127";"8";"8";"Badgeages pour employé présumé non badgeant";"Badgeages pour employé présumé non badgeant"
"F";"HR";"ANO";"0131";"5";"5";"La moyenne sur 12 semaines est supérieure à la durée légale";"La moyenne sur 12 semaines est supérieure à la durée légale"
"F";"HR";"ANO";"0138";"5";"5";"Retrait du temps de pause forfaitaire première plage";"Retrait du temps de pause forfaitaire première plage"
"F";"HR";"ANO";"0142";"5";"5";"Absence de badgeage en pause première plage";"Absence de badgeage en pause première plage"
"F";"HR";"ANO";"0144";"5";"5";"Pas de retour sur une sortie avec motif";"Pas de retour sur une sortie avec motif"
"F";"HR";"ANO";"0149";"5";"5";"La consigne ZRAZCT doit être positionnée sur la date de début de contrat";"La consigne ZRAZCT doit être positionnée sur la date de début de contrat"
"F";"HR";"ANO";"0153";"5";"5";"Retrait du complément de temps de pause seconde plage";"Retrait du complément de temps de pause seconde plage"
"F";"HR";"ANO";"0160";"8";"8";"Moins de 18 ans : durée du repos quotidien non respecté";"Moins de 18 ans : durée du repos quotidien non respecté"
"F";"HR";"ANO";"0163";"7";"7";"Repos quotidien réduit : alimentation compteur RC repos réduit";"Repos quotidien réduit : alimentation compteur RC repos réduit"
"F";"HR";"ANO";"0165";"6";"6";"Moins de 18 ans : jour férié travaillé si dérogation légale";"Moins de 18 ans : jour férié travaillé si dérogation légale"
"F";"HR";"ANO";"0167";"8";"8";"Moins de 18 ans : une pause de 30 min est obligatoire au-delà de 4h30 de travail";"Moins de 18 ans : une pause de 30 min est obligatoire au-delà de 4h30 de travail"
"F";"HR";"ANO";"0173";"8";"8";"Moins de 18 ans : travail entre 22h et 6h interdit sauf dérogation légale";"Moins de 18 ans : travail entre 22h et 6h interdit sauf dérogation légale"
"F";"HR";"ANO";"0177";"8";"8";"CP samedi non pris reportés";"CP samedi non pris reportés"
"F";"HR";"ANO";"0189";"9";"9";"Solde congés insuffisant pour transfert en don jours d'absence";"Solde congés insuffisant pour transfert en don jours d'absence"
"F";"HR";"ANO";"0228";"8";"8";"Solde congé supplémentaire insuffisant";"Solde congé supplémentaire insuffisant"
"F";"HR";"ANO";"0113";"6";"6";"Limitation du crédit/débit à sa valeur minimum";"Limitation du crédit/débit à sa valeur minimum"
"F";"HR";"ANO";"0191";"9";"9";"Solde CET insuffisant pour transfert en don jours d'absence";"Solde CET insuffisant pour transfert en don jours d'absence"
"F";"HR";"ANO";"0196";"8";"8";"Reliquat congé payé insuffisant";"Reliquat congé payé insuffisant"
"F";"HR";"ANO";"0156";"9";"9";"Solde CP insuffisant pour transfert en CET";"Solde CP insuffisant pour transfert en CET"
"F";"HR";"ANO";"0203";"5";"5";"Récupération et paiement de l'écart plafond FJ en fin de période uniquement";"Récupération et paiement de l'écart plafond FJ en fin de période uniquement"
"F";"HR";"ANO";"0209";"8";"8";"Solde délégation DS insuffisant";"Solde délégation DS insuffisant"
"F";"HR";"ANO";"0210";"8";"8";"La date de fin de mandat DFS est inférieure à la date de début";"La date de fin de mandat DFS est inférieure à la date de début"
"F";"HR";"ANO";"0216";"7";"7";"Dépassement du droit maximum CSE mensuel";"Dépassement du droit maximum CSE mensuel"
"F";"HR";"ANO";"0219";"7";"7";"La valeur du CSE transféré doit être un multiple de 4";"La valeur du CSE transféré doit être un multiple de 4"
"F";"HR";"ANO";"0220";"7";"7";"Le transfert doit se faire vers un matricule différent de celui du donateur";"Le transfert doit se faire vers un matricule différent de celui du donateur"
"F";"HR";"ANO";"0224";"7";"7";"Dépassement des droits maxi mensuel";"Dépassement des droits maxi mensuel"
"F";"HR";"ANO";"0105";"4";"4";"Ecrétage de la présence du jour";"Ecrétage de la présence du jour"
"F";"HR";"ANO";"0109";"5";"5";"Crédit de la période supérieur au seuil maximum";"Crédit de la période supérieur au seuil maximum"
"F";"HR";"ANO";"0103";"9";"9";"Employé absent sans justificatif";"Employé absent sans justificatif"
"F";"HR";"ANO";"0111";"5";"5";"Heures excédentaires en sortie";"Heures excédentaires en sortie"
"F";"HR";"ANO";"0115";"5";"5";"Absence de badgeages dans la coupure déjeuner, retrait du minimum";"Absence de badgeages dans la coupure déjeuner, retrait du minimum"
"F";"HR";"ANO";"0123";"5";"5";"Suppression d'un motif d'absence car badgeages";"Suppression d'un motif d'absence car badgeages"
"F";"HR";"ANO";"0130";"5";"5";"La durée hebdomadaire est supérieure au maximum";"La durée hebdomadaire est supérieure au maximum"
"F";"HR";"ANO";"0143";"5";"5";"Mission du lendemain annulée";"Mission du lendemain annulée"
"F";"HR";"ANO";"0151";"5";"5";"Crédit du temps de pause forfaitaire seconde plage";"Crédit du temps de pause forfaitaire seconde plage"
"F";"HR";"ANO";"0162";"5";"5";"Une pause de 20 minutes consécutives est obligatoire";"Une pause de 20 minutes consécutives est obligatoire"
"F";"HR";"ANO";"0166";"6";"6";"Moins de 18 ans : présence supérieure au maxi sauf si dérogation légale";"Moins de 18 ans : présence supérieure au maxi sauf si dérogation légale"
"F";"HR";"ANO";"0179";"8";"8";"Employé absent demi-journée sans justificatif";"Employé absent demi-journée sans justificatif"
"F";"HR";"ANO";"0184";"9";"9";"Solde congés enfant malade insuffisant";"Solde congés enfant malade insuffisant"
